training_step, return
6817,-21.0
7090,-21.0
7581,-21.0
7879,-21.0
8309,-18.0
8389,-19.0
8647,-20.0
9191,-19.0
13018,-21.0
14168,-21.0
14519,-21.0
14627,-21.0
14763,-20.0
15290,-19.0
15401,-21.0
15870,-20.0
20221,-21.0
20757,-21.0
20837,-21.0
21005,-21.0
21392,-20.0
21500,-21.0
21661,-20.0
22130,-20.0
26422,-21.0
27038,-21.0
28171,-21.0
28537,-21.0
28838,-21.0
28975,-20.0
29336,-20.0
29757,-20.0
32632,-21.0
33239,-21.0
34431,-20.0
34814,-20.0
36168,-21.0
36921,-20.0
37052,-20.0
37608,-20.0
39736,-21.0
41456,-20.0
41658,-20.0
41959,-21.0
43320,-21.0
44222,-20.0
44412,-21.0
44874,-20.0
45997,-20.0
48771,-21.0
49213,-21.0
49762,-21.0
50467,-21.0
51603,-20.0
52066,-20.0
52439,-20.0
53196,-20.0
55032,-20.0
56378,-20.0
56710,-21.0
57009,-20.0
57804,-21.0
58267,-21.0
58681,-21.0
59452,-20.0
62191,-20.0
62639,-20.0
62920,-21.0
64014,-21.0
64122,-21.0
65448,-20.0
65840,-20.0
66671,-20.0
68451,-20.0
68849,-21.0
70112,-20.0
70378,-20.0
71299,-20.0
72082,-21.0
72673,-20.0
72872,-21.0
74652,-21.0
75059,-21.0
77275,-20.0
77500,-21.0
77569,-20.0
79245,-20.0
79854,-20.0
80019,-21.0
82222,-20.0
82834,-21.0
83573,-21.0
83807,-21.0
84673,-21.0
87120,-19.0
87316,-20.0
87495,-19.0
88492,-21.0
89132,-21.0
90720,-21.0
90941,-21.0
91054,-20.0
93378,-21.0
95513,-21.0
95784,-21.0
96246,-21.0
96647,-20.0
98246,-20.0
99046,-20.0
99092,-20.0
102488,-21.0
102571,-19.0
102714,-21.0
102957,-21.0
103899,-20.0
105321,-21.0
106238,-20.0
106434,-21.0
108744,-20.0
108813,-21.0
109167,-21.0
110036,-19.0
111127,-20.0
111559,-21.0
112704,-21.0
113411,-21.0
115377,-21.0
115936,-21.0
116044,-20.0
118266,-19.0
118732,-21.0
119420,-19.0
119916,-20.0
121705,-20.0
123286,-19.0
123632,-19.0
124169,-20.0
125457,-20.0
126607,-20.0
126944,-20.0
128117,-19.0
128946,-20.0
130379,-21.0
130528,-19.0
130885,-21.0
132836,-21.0
133234,-21.0
133671,-18.0
135412,-21.0
136179,-21.0
137640,-21.0
137729,-21.0
138093,-21.0
140366,-21.0
141060,-21.0
142024,-19.0
143582,-21.0
144390,-20.0
145271,-20.0
145891,-18.0
145915,-20.0
146604,-21.0
148251,-20.0
149854,-21.0
150230,-20.0
151649,-19.0
152073,-21.0
152217,-21.0
152519,-20.0
153855,-20.0
154433,-21.0
157046,-20.0
157449,-20.0
158872,-20.0
159278,-21.0
159321,-21.0
159771,-21.0
161028,-21.0
161735,-19.0
164642,-21.0
165344,-19.0
165582,-20.0
166036,-20.0
166991,-20.0
167288,-20.0
167500,-21.0
167945,-21.0
170852,-21.0
171783,-21.0
172297,-21.0
173514,-21.0
173701,-21.0
174232,-20.0
174521,-21.0
175086,-21.0
177112,-20.0
178498,-21.0
178956,-21.0
179752,-21.0
180461,-21.0
180925,-21.0
181315,-21.0
181634,-21.0
184699,-21.0
185157,-21.0
185372,-20.0
186009,-21.0
187544,-21.0
187607,-21.0
188160,-21.0
188909,-20.0
192591,-20.0
192863,-20.0
193113,-21.0
193398,-19.0
195413,-20.0
195694,-20.0
195949,-18.0
196137,-20.0
199135,-21.0
199323,-21.0
200788,-21.0
201623,-21.0
201904,-21.0
202347,-21.0
203120,-21.0
203742,-16.0
205345,-21.0
207952,-21.0
208184,-21.0
208596,-20.0
208786,-20.0
209321,-21.0
209510,-20.0
209952,-21.0
212509,-20.0
215522,-21.0
215861,-21.0
216069,-21.0
216213,-20.0
216450,-19.0
217764,-20.0
218176,-19.0
219800,-21.0
222131,-21.0
222474,-20.0
222724,-21.0
223259,-21.0
223651,-21.0
224454,-20.0
225092,-20.0
226991,-20.0
228925,-21.0
229357,-21.0
230404,-21.0
230720,-20.0
231855,-20.0
232650,-21.0
234136,-21.0
234285,-19.0
236470,-21.0
236646,-21.0
237921,-21.0
238093,-21.0
238860,-21.0
239176,-17.0
240406,-21.0
240571,-21.0
242888,-21.0
243719,-21.0
245154,-21.0
245252,-20.0
246131,-19.0
246443,-21.0
247581,-21.0
248736,-21.0
250121,-21.0
251336,-21.0
252577,-21.0
253727,-20.0
254065,-18.0
254332,-21.0
254816,-21.0
255006,-21.0
257234,-21.0
258528,-21.0
259708,-21.0
260947,-20.0
260998,-21.0
261239,-21.0
262229,-21.0
262519,-21.0
264532,-20.0
264784,-20.0
265918,-21.0
267495,-20.0
268080,-21.0
268250,-20.0
268791,-21.0
269395,-21.0
271753,-21.0
272178,-20.0
274038,-20.0
274322,-21.0
275687,-21.0
275964,-21.0
276660,-21.0
277498,-17.0
278972,-20.0
279336,-20.0
281226,-21.0
282230,-21.0
282564,-20.0
282910,-20.0
283699,-21.0
283841,-20.0
285201,-21.0
285537,-21.0
288475,-21.0
289171,-20.0
289438,-21.0
289941,-21.0
290766,-20.0
292163,-20.0
292701,-20.0
294676,-21.0
295525,-16.0
295648,-21.0
296330,-20.0
296967,-21.0
298119,-20.0
298989,-20.0
299394,-21.0
301923,-20.0
302609,-20.0
303861,-21.0
304726,-20.0
305199,-21.0
305283,-19.0
305372,-21.0
306627,-21.0
309162,-21.0
310807,-21.0
311527,-21.0
312676,-20.0
312974,-19.0
313141,-19.0
314474,-19.0
314816,-20.0
317077,-21.0
317393,-21.0
318755,-20.0
320236,-20.0
320348,-21.0
320824,-21.0
321675,-21.0
322067,-20.0
324250,-21.0
325623,-21.0
326986,-20.0
327429,-21.0
328059,-21.0
329228,-21.0
329642,-20.0
330945,-19.0
331419,-21.0
331865,-21.0
335201,-20.0
335337,-19.0
336708,-21.0
336928,-20.0
338507,-21.0
339753,-18.0
340157,-21.0
340209,-20.0
341402,-21.0
342557,-20.0
342980,-21.0
344149,-21.0
344777,-21.0
347478,-21.0
347603,-21.0
348312,-20.0
348983,-20.0
349813,-20.0
350171,-20.0
351343,-21.0
351938,-21.0
354641,-20.0
355628,-19.0
356033,-21.0
356187,-21.0
356413,-21.0
356844,-18.0
359584,-21.0
360263,-18.0
363243,-20.0
363489,-20.0
363588,-21.0
363783,-20.0
363985,-20.0
365104,-19.0
365828,-21.0
367500,-20.0
370227,-21.0
370692,-21.0
370761,-21.0
372094,-18.0
372311,-21.0
372528,-20.0
375107,-18.0
376765,-20.0
377450,-21.0
378337,-21.0
378878,-21.0
379032,-19.0
379537,-21.0
380788,-19.0
382270,-20.0
383938,-21.0
385138,-20.0
385482,-21.0
385634,-20.0
385798,-21.0
386237,-21.0
386998,-21.0
389493,-20.0
391198,-19.0
391376,-21.0
391753,-21.0
391878,-21.0
392008,-21.0
392498,-20.0
394111,-21.0
395703,-21.0
397399,-21.0
398521,-21.0
398940,-20.0
399037,-20.0
399231,-20.0
399763,-21.0
401377,-21.0
402938,-21.0
404545,-21.0
405188,-21.0
406436,-21.0
407355,-21.0
407838,-19.0
408650,-21.0
408951,-19.0
410146,-21.0
410787,-21.0
412389,-21.0
415189,-21.0
415677,-21.0
416143,-21.0
416581,-19.0
416813,-19.0
418458,-19.0
419108,-19.0
420585,-20.0
421950,-21.0
422325,-21.0
422460,-20.0
424145,-19.0
425290,-21.0
425931,-18.0
426627,-21.0
428535,-21.0
429082,-21.0
429894,-21.0
431248,-21.0
431634,-19.0
432858,-21.0
435146,-19.0
435529,-16.0
436737,-20.0
437895,-21.0
438099,-20.0
438357,-19.0
439553,-20.0
440091,-21.0
441402,-20.0
442979,-21.0
443820,-20.0
444343,-21.0
444645,-20.0
446800,-20.0
447143,-18.0
448547,-21.0
449422,-19.0
451072,-20.0
451152,-19.0
451837,-21.0
453630,-18.0
454072,-20.0
454343,-20.0
454806,-21.0
458307,-21.0
458420,-20.0
458718,-19.0
460138,-18.0
461648,-20.0
461860,-20.0
462210,-21.0
464077,-20.0
465613,-21.0
466553,-20.0
466911,-21.0
468326,-20.0
468914,-21.0
469493,-20.0
471155,-19.0
472326,-20.0
472886,-19.0
475568,-20.0
475800,-19.0
476204,-18.0
477728,-20.0
479148,-18.0
480398,-19.0
481081,-21.0
482631,-18.0
482810,-20.0
483387,-20.0
484104,-19.0
486627,-21.0
487006,-17.0
487460,-18.0
488319,-20.0
490020,-20.0
490713,-19.0
490852,-19.0
491333,-21.0
493910,-19.0
494712,-21.0
495267,-21.0
496631,-19.0
497156,-21.0
497924,-20.0
498201,-20.0
498478,-21.0
500111,-21.0
501853,-21.0
502493,-21.0
503777,-21.0
504271,-21.0
504501,-20.0
505147,-20.0
507326,-20.0
507764,-19.0
509151,-20.0
509712,-20.0
510527,-20.0
511020,-20.0
511616,-21.0
513376,-19.0
513527,-21.0
514008,-21.0
515954,-21.0
516310,-20.0
516771,-21.0
517872,-20.0
518207,-20.0
520246,-21.0
520535,-20.0
520686,-20.0
522566,-20.0
523161,-21.0
523930,-20.0
524116,-21.0
524468,-20.0
526796,-20.0
527392,-21.0
527878,-20.0
529773,-21.0
530172,-21.0
530320,-20.0
531289,-21.0
531627,-20.0
533008,-21.0
533634,-21.0
534116,-21.0
536564,-21.0
536932,-20.0
537363,-20.0
537882,-20.0
538473,-21.0
540172,-20.0
540359,-21.0
540775,-21.0
543175,-21.0
543605,-21.0
543756,-20.0
544715,-21.0
545046,-20.0
546985,-21.0
547368,-20.0
548611,-19.0
550418,-20.0
550768,-20.0
551071,-20.0
551306,-20.0
551918,-21.0
553241,-20.0
553610,-21.0
556764,-20.0
557012,-21.0
557581,-20.0
559205,-20.0
559224,-21.0
559490,-20.0
560474,-21.0
560825,-20.0
563024,-20.0
564215,-21.0
564868,-19.0
565425,-21.0
565732,-21.0
566350,-21.0
568697,-21.0
570144,-18.0
570294,-20.0
573108,-19.0
573405,-19.0
573537,-20.0
573701,-20.0
573979,-20.0
576961,-20.0
579396,-18.0
579474,-19.0
579845,-21.0
579961,-20.0
581345,-20.0
581669,-18.0
583321,-19.0
584152,-21.0
586767,-19.0
587153,-21.0
587643,-20.0
587939,-21.0
588092,-21.0
588586,-19.0
589503,-21.0
590423,-21.0
593388,-21.0
593825,-21.0
595316,-20.0
596022,-19.0
596221,-19.0
596751,-20.0
596757,-21.0
597602,-21.0
600602,-20.0
602078,-21.0
602537,-20.0
603045,-20.0
603303,-20.0
603460,-20.0
605788,-20.0
607007,-18.0
607785,-21.0
608349,-21.0
610555,-21.0
610651,-20.0
610796,-20.0
613011,-20.0
613355,-18.0
614015,-21.0
615275,-19.0
615541,-21.0
618707,-21.0
619973,-18.0
620084,-18.0
620355,-19.0
621220,-20.0
622569,-19.0
622724,-20.0
623519,-20.0
626537,-21.0
627033,-19.0
627245,-21.0
628157,-21.0
628839,-21.0
630488,-17.0
631037,-20.0
633427,-21.0
633761,-20.0
633819,-20.0
634286,-20.0
634418,-21.0
636052,-20.0
637753,-19.0
638236,-20.0
640666,-20.0
641922,-19.0
642109,-19.0
642290,-21.0
642431,-20.0
643668,-19.0
645508,-20.0
647871,-21.0
648083,-17.0
648338,-21.0
650217,-19.0
650745,-20.0
650875,-21.0
652557,-17.0
653734,-21.0
656175,-18.0
656252,-20.0
656585,-21.0
657468,-21.0
658157,-21.0
659028,-20.0
660798,-19.0
662938,-19.0
663547,-21.0
663804,-20.0
665411,-20.0
666169,-21.0
666690,-20.0
667435,-18.0
669052,-19.0
669178,-21.0
670752,-21.0
671025,-21.0
673660,-19.0
675461,-19.0
676679,-18.0
677065,-18.0
677281,-20.0
677411,-19.0
679236,-19.0
679974,-21.0
682957,-17.0
683854,-21.0
684766,-20.0
685535,-19.0
685725,-21.0
686285,-20.0
686482,-20.0
690325,-18.0
692191,-20.0
692216,-20.0
693625,-21.0
693773,-21.0
693956,-19.0
694793,-19.0
695056,-18.0
700421,-19.0
700666,-19.0
701053,-21.0
702537,-19.0
702837,-19.0
703260,-19.0
703386,-20.0
705065,-20.0
706904,-21.0
707609,-21.0
708305,-20.0
710045,-20.0
710845,-19.0
711484,-19.0
711573,-20.0
712264,-20.0
716468,-21.0
717146,-17.0
717984,-17.0
718312,-20.0
720790,-19.0
722174,-18.0
722531,-17.0
724058,-15.0
724824,-18.0
727248,-20.0
727664,-17.0
727973,-20.0
728578,-18.0
730465,-21.0
730895,-18.0
734123,-18.0
734369,-20.0
735451,-20.0
736773,-19.0
737341,-19.0
738939,-16.0
740121,-19.0
740812,-16.0
742599,-19.0
743396,-20.0
744809,-17.0
746051,-20.0
746524,-21.0
748287,-18.0
751522,-17.0
752116,-18.0
752664,-20.0
752850,-20.0
755355,-18.0
756074,-19.0
756908,-16.0
759569,-19.0
761836,-18.0
762227,-17.0
762924,-18.0
764171,-21.0
764456,-17.0
766498,-17.0
766688,-19.0
768940,-18.0
773109,-17.0
773411,-21.0
773583,-18.0
773750,-18.0
774317,-18.0
774998,-19.0
776807,-19.0
782337,-13.0
782760,-19.0
783112,-18.0
783496,-20.0
784910,-18.0
785617,-17.0
786112,-21.0
786368,-17.0
792414,-20.0
793660,-17.0
793956,-20.0
794220,-19.0
794323,-20.0
796073,-16.0
796926,-14.0
798735,-17.0
802682,-18.0
803022,-20.0
803621,-20.0
804215,-21.0
805523,-18.0
806503,-18.0
809284,-16.0
810009,-19.0
810956,-20.0
811245,-21.0
813582,-19.0
815013,-16.0
815918,-20.0
817794,-18.0
818580,-20.0
821291,-20.0
821368,-20.0
822537,-18.0
825261,-20.0
827981,-17.0
829202,-19.0
829879,-20.0
831311,-15.0
831863,-18.0
832604,-17.0
832725,-18.0
833542,-20.0
837253,-21.0
839442,-19.0
840294,-18.0
842148,-19.0
842908,-18.0
843722,-18.0
844848,-18.0
845091,-19.0
848668,-19.0
851851,-18.0
852214,-20.0
853486,-19.0
853679,-17.0
855070,-18.0
855254,-19.0
855514,-20.0
862015,-17.0
863231,-20.0
863561,-19.0
864835,-20.0
865029,-19.0
865431,-20.0
865572,-19.0
868842,-17.0
872313,-19.0
873888,-20.0
875214,-21.0
875626,-16.0
877386,-19.0
877725,-18.0
880021,-17.0
881250,-18.0
882651,-19.0
883241,-20.0
888038,-19.0
889668,-18.0
889789,-18.0
890069,-18.0
894359,-19.0
895079,-19.0
895678,-18.0
897603,-21.0
901448,-18.0
902161,-18.0
904069,-15.0
904605,-17.0
905799,-19.0
906457,-20.0
910078,-20.0
910102,-19.0
915526,-16.0
915833,-19.0
916494,-20.0
917034,-20.0
920807,-20.0
921408,-21.0
922301,-17.0
926629,-16.0
928944,-20.0
930321,-19.0
930438,-19.0
930926,-20.0
932201,-20.0
934719,-20.0
934769,-20.0
942455,-18.0
945918,-17.0
946299,-15.0
946807,-20.0
947753,-19.0
948423,-17.0
949274,-21.0
953275,-18.0
959674,-20.0
960992,-17.0
963745,-20.0
964260,-16.0
964522,-17.0
965360,-19.0
967017,-21.0
969749,-15.0
974442,-19.0
975133,-18.0
978107,-20.0
978837,-20.0
979998,-18.0
980414,-18.0
980676,-16.0
983124,-19.0
983455,-21.0
983710,-19.0
985340,-21.0
985984,-21.0
986658,-21.0
986920,-21.0
987234,-21.0
989306,-21.0
989911,-21.0
990600,-21.0
991582,-21.0
993191,-21.0
993817,-20.0
994125,-21.0
994411,-21.0
995549,-21.0
996860,-20.0
997058,-21.0
997794,-21.0
999401,-21.0
1000059,-21.0
1001300,-21.0
1001584,-21.0
1001793,-21.0
1003314,-20.0
1004026,-21.0
1004941,-21.0
1006303,-21.0
1006610,-21.0
1007542,-21.0
1007826,-21.0
1008005,-21.0
1010236,-21.0
1010461,-21.0
1011183,-21.0
1012870,-20.0
1013448,-21.0
1014748,-21.0
1014989,-20.0
1015164,-20.0
1016478,-21.0
1016733,-21.0
1018330,-21.0
1019692,-21.0
1020077,-21.0
1021008,-20.0
1021291,-21.0
1021408,-21.0
1022690,-21.0
1023878,-21.0
1024634,-21.0
1026278,-21.0
1026955,-21.0
1027218,-21.0
1028450,-20.0
1028521,-21.0
1029837,-21.0
1030182,-21.0
1031781,-21.0
1033423,-21.0
1034068,-21.0
1034363,-21.0
1035623,-21.0
1035742,-20.0
1036079,-21.0
1037341,-20.0
1037982,-21.0
1039635,-21.0
1040278,-21.0
1040605,-21.0
1042002,-20.0
1042909,-19.0
1043226,-21.0
1043583,-21.0
1044242,-20.0
1045864,-21.0
1046548,-21.0
1047798,-20.0
1048244,-21.0
1049151,-21.0
1049427,-21.0
1050728,-21.0
1051389,-21.0
1053037,-21.0
1054748,-21.0
1054962,-20.0
1055451,-21.0
1055687,-20.0
1056376,-20.0
1056929,-21.0
1059334,-20.0
1059634,-20.0
1060992,-21.0
1061163,-21.0
1062596,-21.0
1062832,-21.0
1063491,-21.0
1064215,-20.0
1065876,-21.0
1066498,-20.0
1067407,-21.0
1068199,-21.0
1069801,-21.0
1070079,-20.0
1070786,-21.0
1071390,-21.0
1072088,-21.0
1072740,-21.0
1073651,-21.0
1075363,-20.0
1076103,-21.0
1077286,-21.0
1077591,-21.0
1077933,-21.0
1079275,-20.0
1079913,-21.0
1080814,-20.0
1081619,-20.0
1083248,-21.0
1083528,-21.0
1083835,-21.0
1084175,-21.0
1085519,-21.0
1086169,-20.0
1088007,-21.0
1088854,-21.0
1090376,-21.0
1090519,-21.0
1090735,-21.0
1091026,-20.0
1092724,-21.0
1093314,-21.0
1095274,-21.0
1096618,-21.0
1096979,-21.0
1097025,-21.0
1097270,-21.0
1097666,-21.0
1099556,-21.0
1099929,-21.0
1101518,-21.0
1103329,-21.0
1103824,-21.0
1103908,-21.0
1104205,-20.0
1104417,-21.0
1106173,-21.0
1106701,-21.0
1108663,-21.0
1110504,-21.0
1111050,-20.0
1111115,-21.0
1111352,-21.0
1111680,-21.0
1112943,-21.0
1113396,-20.0
1115898,-21.0
1117251,-21.0
1117594,-21.0
1117686,-20.0
1118316,-21.0
1118905,-20.0
1119185,-21.0
1121539,-20.0
1122110,-21.0
1123452,-21.0
1124517,-21.0
1124797,-21.0
1124953,-21.0
1125117,-21.0
1126348,-20.0
1127783,-21.0
1129333,-20.0
1130761,-21.0
1131041,-21.0
1131649,-21.0
1132591,-21.0
1133250,-20.0
1133353,-20.0
1135034,-20.0
1135562,-21.0
1137893,-21.0
1138271,-21.0
1139001,-19.0
1139736,-21.0
1140395,-21.0
1140500,-21.0
1142207,-21.0
1142709,-21.0
1144094,-21.0
1145243,-21.0
1145444,-21.0
1146013,-20.0
1146596,-21.0
1146804,-21.0
1148910,-21.0
1150467,-21.0
1151239,-21.0
1151645,-21.0
1152388,-21.0
1153817,-20.0
1154243,-21.0
1156709,-21.0
1157078,-21.0
1158228,-20.0
1158677,-21.0
1160519,-21.0
1160902,-21.0
1161102,-20.0
1163499,-20.0
1163856,-21.0
1164225,-21.0
1165447,-20.0
1166817,-21.0
1167819,-20.0
1168109,-21.0
1169306,-20.0
1170426,-21.0
1171174,-19.0
1171734,-20.0
1172666,-20.0
1174040,-20.0
1174310,-21.0
1176075,-21.0
1178572,-20.0
1180069,-21.0
1180821,-20.0
1183501,-17.0
1183611,-20.0
1184390,-19.0
1187104,-19.0
1188418,-18.0
1189917,-21.0
1193141,-21.0
1193491,-20.0
1196850,-20.0
1196979,-18.0
1197012,-21.0
1201593,-20.0
1201860,-20.0
1203429,-18.0
1207621,-17.0
1211256,-17.0
1212361,-16.0
1213551,-17.0
1214086,-15.0
1217360,-19.0
1219142,-19.0
1219860,-20.0
1221060,-20.0
1226421,-21.0
1226729,-19.0
1230984,-19.0
1231066,-17.0
1235945,-19.0
1237407,-18.0
1237610,-20.0
1239745,-18.0
1242189,-21.0
1243996,-17.0
1246645,-20.0
1248522,-19.0
1256516,-16.0
1257140,-19.0
1259145,-15.0
1259345,-15.0
1259739,-18.0
1266758,-18.0
1268308,-18.0
1274716,-19.0
1275056,-19.0
1276335,-20.0
1281441,-15.0
1282814,-19.0
1283105,-16.0
1289937,-20.0
1290477,-17.0
1296970,-20.0
1298494,-13.0
1298842,-19.0
1300995,-19.0
1306780,-13.0
1307640,-18.0
1312622,-19.0
1315234,-18.0
1320520,-19.0
1325243,-15.0
1327931,-13.0
1330363,-15.0
1331593,-17.0
1333076,-11.0
1339425,-17.0
1340035,-20.0
1349452,-14.0
1350049,-17.0
1355110,-14.0
1355785,-19.0
1360115,-17.0
1360996,-12.0
1363581,5.0
1373035,8.0
1377970,-16.0
1381963,-17.0
1382449,-7.0
1385852,-20.0
1391804,-2.0
1394035,-10.0
1396578,9.0
1402718,14.0
1406076,5.0
1406207,14.0
1410520,21.0
1415944,5.0
1418301,16.0
1423769,20.0
1424048,-5.0
1424393,15.0
1424820,6.0
1427023,21.0
1428748,15.0
1432483,20.0
1441050,15.0
1448782,14.0
1451244,11.0
1451589,-11.0
1455117,-16.0
1456861,6.0
1458666,-14.0
1462471,8.0
1465760,14.0
1471462,15.0
1482138,-15.0
1483746,-11.0
1484478,11.0
1484655,3.0
1485999,7.0
1487965,21.0
1489559,14.0
1491353,7.0
1506144,12.0
1506908,11.0
1508743,-16.0
1511531,6.0
1513257,15.0
1513748,11.0
1516621,5.0
1520187,4.0
1522660,20.0
1523411,21.0
1533516,13.0
1540459,-12.0
1542707,7.0
1543088,15.0
1545939,14.0
1546194,3.0
1550019,21.0
1551719,3.0
1554649,-8.0
1561165,19.0
1567645,15.0
1569258,20.0
1570593,17.0
1570881,-15.0
1571475,6.0
1580483,-15.0
1581367,7.0
1585210,21.0
1587448,20.0
1588084,9.0
1588199,20.0
1590909,18.0
1597933,21.0
1599887,19.0
1600250,10.0
1603951,21.0
1612532,17.0
1612777,15.0
1612944,-19.0
1616390,21.0
1618858,19.0
1626504,-1.0
1627705,14.0
1629079,21.0
1634525,16.0
1638211,2.0
1640574,14.0
1644208,21.0
1646306,7.0
1646952,-9.0
1647604,20.0
1648205,15.0
1661906,21.0
1664030,12.0
1664235,13.0
1665134,20.0
1666743,19.0
1667693,15.0
1675122,-17.0
1675748,1.0
1679325,20.0
1681836,20.0
1684868,17.0
1687384,17.0
1688790,14.0
1695725,18.0
1697496,17.0
1698588,11.0
1703960,20.0
1705414,17.0
1705585,16.0
1716519,1.0
1720123,17.0
1720848,-13.0
1721610,13.0
1727133,15.0
1734416,-15.0
1735904,8.0
1740251,17.0
1740791,18.0
1741200,16.0
1741374,19.0
1742919,3.0
1754415,20.0
1758122,11.0
1758519,21.0
1759328,19.0
1761311,14.0
1761845,16.0
1764175,16.0
1770223,-12.0
1770918,21.0
1775022,21.0
1775668,20.0
1775831,21.0
1777814,21.0
1778348,21.0
1789922,13.0
1792184,20.0
1792347,20.0
1794887,20.0
1795687,15.0
1797078,12.0
1801489,16.0
1806425,21.0
1808850,21.0
1811287,21.0
1811390,21.0
1812180,6.0
1815924,13.0
1817089,21.0
1823854,11.0
1825353,21.0
1827893,21.0
1828683,21.0
1829180,15.0
1832427,21.0
1833592,21.0
1837023,10.0
1840357,21.0
1845186,21.0
1846430,20.0
1846719,20.0
1847081,18.0
1851122,20.0
1853028,17.0
1853526,21.0
1863018,15.0
1864608,19.0
1865270,19.0
1865746,18.0
1867625,21.0
1871247,12.0
1871607,19.0
1876177,17.0
1881786,20.0
1883199,18.0
1883308,20.0
1887799,12.0
1896337,11.0
1898289,21.0
1898619,6.0
1899083,9.0
1900744,19.0
1900899,20.0
1905118,11.0
1914805,20.0
1915693,13.0
1916990,16.0
1917402,21.0
1918117,18.0
1922661,19.0
1930680,9.0
1931308,21.0
1932196,21.0
1934695,20.0
1936549,19.0
1941383,1.0
1944297,15.0
1947183,21.0
1947811,21.0
1951198,21.0
1951463,3.0
1951787,19.0
1952149,21.0
1958941,19.0
1963979,17.0
1964722,20.0
1965321,21.0
1968290,21.0
1971051,18.0
1971662,18.0
1975444,21.0
1976007,14.0
1980921,21.0
1982227,21.0
1982504,20.0
1986858,19.0
1987554,21.0
1988165,21.0
1991947,21.0
1992510,21.0
1997424,21.0
1998730,21.0
1999007,21.0
2002458,21.0
2004668,21.0
2008450,21.0
2009013,21.0
2011248,14.0
2013927,21.0
2014330,21.0
2015510,21.0
2018961,21.0
2020268,21.0
2024953,21.0
2025516,21.0
2027751,21.0
2030383,20.0
2030833,21.0
2032013,21.0
2041456,21.0
2041614,19.0
2042019,21.0
2043351,21.0
2043911,16.0
2047613,21.0
2048374,20.0
2051070,15.0
2057959,21.0
2060414,21.0
2064371,15.0
2064722,15.0
2064877,21.0
2067573,21.0
2069219,18.0
2073232,5.0
2074462,21.0
2077974,19.0
2080874,21.0
2081380,21.0
2085112,20.0
2085722,21.0
2087383,15.0
2092810,18.0
2093073,19.0
2099457,19.0
2102225,21.0
2102674,20.0
2103935,19.0
2105076,16.0
2105907,4.0
2111649,18.0
2115591,10.0
2115960,21.0
2118728,21.0
2119177,21.0
2120438,21.0
2122410,21.0
2131866,12.0
2132094,21.0
2132463,21.0
2135231,21.0
2135680,21.0
2136941,21.0
2138529,9.0
2138913,21.0
2148484,19.0
2148597,21.0
2148966,21.0
2151734,21.0
2153444,21.0
2155032,21.0
2155416,21.0
2157305,17.0
2164987,21.0
2165100,21.0
2165469,21.0
2168237,21.0
2169947,21.0
2171535,21.0
2171962,20.0
2173808,21.0
2181603,21.0
2181972,21.0
2183837,21.0
2185519,17.0
2186450,21.0
2188038,21.0
2191537,20.0
2192429,19.0
2198106,21.0
2198475,21.0
2200340,21.0
2201119,21.0
2204541,21.0
2207150,18.0
2208040,21.0
2208932,21.0
2214609,21.0
2214978,21.0
2216843,21.0
2217622,21.0
2221044,21.0
2224543,21.0
2225435,21.0
2225734,16.0
2231112,21.0
2231481,21.0
2233359,20.0
2234125,21.0
2237547,21.0
2241046,21.0
2243275,20.0
2247615,21.0
2248209,13.0
2249007,21.0
2249862,21.0
2252720,18.0
2254050,21.0
2257549,21.0
2259778,21.0
2264712,21.0
2265510,21.0
2267347,20.0
2269291,15.0
2270553,21.0
2271285,18.0
2274052,21.0
2276281,21.0
2282013,21.0
2283850,21.0
2284239,18.0
2285794,21.0
2287056,21.0
2287788,21.0
2291665,18.0
2292784,21.0
2297613,21.0
2300334,20.0
2300742,21.0
2302297,21.0
2303559,21.0
2309287,21.0
2309458,14.0
2314116,21.0
2314380,12.0
2315887,20.0
2317245,21.0
2318800,21.0
2319159,21.0
2325790,21.0
2325961,21.0
2330619,21.0
2330883,21.0
2332390,21.0
2333748,21.0
2335662,21.0
2337386,19.0
2342293,21.0
2342464,21.0
2347122,21.0
2348413,20.0
2348893,21.0
2350251,21.0
2352165,21.0
2353889,21.0
2358796,21.0
2363109,18.0
2363625,21.0
2364916,21.0
2365396,21.0
2365851,21.0
2368668,21.0
2370392,21.0
2375299,21.0
2380128,21.0
2380617,18.0
2382354,21.0
2382440,19.0
2383984,19.0
2385171,21.0
2386895,21.0
2391802,21.0
2396631,21.0
2398943,21.0
2399155,19.0
2402522,19.0
2404004,13.0
2408305,21.0
2410891,13.0
2413134,21.0
2413750,9.0
2417476,15.0
2417826,15.0
2419263,-20.0
2421126,-5.0
2421489,-8.0
2421844,-13.0
2422364,-20.0
2423027,-20.0
2424731,-21.0
2428135,-19.0
2428496,-18.0
2429392,-21.0
2429797,-21.0
2430000,-21.0
2431283,-21.0
2431681,-19.0
2435004,-19.0
2436644,-21.0
2436787,-20.0
2437995,-21.0
2440456,-17.0
2440947,-20.0
2441364,-19.0
2441704,-17.0
2443279,-21.0
2444911,-20.0
2444967,-21.0
2445308,-21.0
2448648,-21.0
2449782,-18.0
2449960,-21.0
2451373,-17.0
2453187,-20.0
2453478,-21.0
2453669,-18.0
2454264,-21.0
2457891,-20.0
2457966,-21.0
2461224,-17.0
2461699,-20.0
2462759,-20.0
2463384,-19.0
2463920,-19.0
2465613,-20.0
2467307,-19.0
2468226,-20.0
2469960,-20.0
2471666,-20.0
2472649,-16.0
2473117,-19.0
2474868,-19.0
2475346,-19.0
2478553,-20.0
2479999,-19.0
2482820,-17.0
2485370,-17.0
2485959,-19.0
2487357,-19.0
2490656,-13.0
2490785,-16.0
2490910,-17.0
2493334,-16.0
2501567,-17.0
2506015,-15.0
2506541,-12.0
2514570,12.0
2514667,7.0
2515154,6.0
2516504,11.0
2519172,5.0
2525065,16.0
2527668,16.0
2532038,21.0
2532223,18.0
2532693,20.0
2533007,21.0
2534582,5.0
2536736,20.0
2541581,20.0
2544171,21.0
2548541,21.0
2548726,21.0
2550234,20.0
2551085,21.0
2552541,19.0
2558434,15.0
2559724,20.0
2562200,17.0
2564094,20.0
2567588,21.0
2569824,16.0
2572458,13.0
2573179,13.0
2576227,21.0
2580638,20.0
2580835,17.0
2581150,15.0
2586327,21.0
2587095,18.0
2588732,20.0
2588961,21.0
2597653,21.0
2600945,13.0
2601420,15.0
2604284,10.0
2604668,19.0
2604930,18.0
2606217,20.0
2607480,17.0
2614109,20.0
2616973,20.0
2619576,17.0
2620787,21.0
2622824,20.0
2625544,15.0
2626412,14.0
2631261,13.0
2633476,21.0
2636820,13.0
2637057,20.0
2638317,20.0
2639327,21.0
2641144,21.0
2643893,20.0
2647764,21.0
2649932,20.0
2653323,21.0
2654820,21.0
2655830,21.0
2659807,7.0
2664267,21.0
2666435,21.0
2666590,10.0
2668974,12.0
2670420,21.0
2672333,21.0
2673008,17.0
2676310,21.0
2681859,17.0
2682035,21.0
2684130,18.0
2685477,21.0
2686923,21.0
2688836,21.0
2689511,21.0
2694854,19.0
2699366,17.0
2700633,21.0
2703052,20.0
2703426,21.0
2705339,21.0
2706014,21.0
2708838,14.0
2714465,16.0
2715869,21.0
2717136,21.0
2719882,20.0
2721842,21.0
2722517,21.0
2723621,18.0
2725341,21.0
2731974,20.0
2732385,20.0
2732689,20.0
2736385,21.0
2738345,21.0
2739033,20.0
2741844,21.0
2742197,18.0
2747527,20.0
2749192,21.0
2749931,19.0
2757610,19.0
2758111,17.0
2758700,21.0
2761423,18.0
2762042,13.0
2765695,21.0
2766434,21.0
2769180,15.0
2774253,20.0
2774650,20.0
2775063,20.0
2777926,21.0
2778545,21.0
2782198,21.0
2782937,21.0
2785683,21.0
2790756,21.0
2791153,21.0
2791566,21.0
2794429,21.0
2798168,17.0
2798701,21.0
2800467,20.0
2807166,21.0
2807609,20.0
2809409,14.0
2812004,19.0
2814671,21.0
2818018,18.0
2818587,12.0
2822421,11.0
2824112,21.0
2828507,21.0
2830034,18.0
2831174,21.0
2833571,20.0
2833874,15.0
2835090,21.0
2838924,21.0
2840651,20.0
2845587,20.0
2846039,20.0
2847677,21.0
2849474,21.0
2850074,21.0
2851593,21.0
2855427,21.0
2858228,17.0
2862090,21.0
2862542,21.0
2863277,21.0
2865977,21.0
2868096,21.0
2871723,15.0
2871930,21.0
2875687,20.0
2879045,21.0
2879611,19.0
2879780,21.0
2882480,21.0
2884663,20.0
2887483,20.0
2888226,21.0
2891240,20.0
2895548,21.0
2896283,21.0
2899272,14.0
2900010,20.0
2901166,21.0
2903986,21.0
2905756,20.0
2911789,18.0
2913172,18.0
2915775,21.0
2916513,21.0
2917669,21.0
2918897,17.0
2920489,21.0
2927389,21.0
2929495,13.0
2929675,21.0
2932278,21.0
2933016,21.0
2934172,21.0
2935400,21.0
2936992,21.0
2943892,21.0
2945998,21.0
2946178,21.0
2948781,21.0
2949519,21.0
2950675,21.0
2951000,21.0
2953495,21.0
2960395,21.0
2962501,21.0
2962681,21.0
2965284,21.0
2966022,21.0
2967178,21.0
2967503,21.0
2969998,21.0
2978892,18.0
2979004,21.0
2979184,21.0
2981787,21.0
2982525,21.0
2983681,21.0
2984006,21.0
2994604,21.0
2995395,21.0
2995687,21.0
2995892,11.0
2998290,21.0
2999028,21.0
3000184,21.0
3000509,21.0
3011107,21.0
3011898,21.0
3012203,20.0
3012395,21.0
3014793,21.0
3015531,21.0
3017012,21.0
3017746,18.0
3027498,21.0
3027610,21.0
3028706,21.0
3028898,21.0
3031249,20.0
3034249,21.0
3037260,14.0
3039731,15.0
3044113,21.0
3045209,21.0
3045401,21.0
3048871,20.0
3049076,17.0
3050752,21.0
3055877,18.0
3056234,21.0
3060616,21.0
3061712,21.0
3062931,20.0
3065579,21.0
3066305,20.0
3072380,21.0
3072623,15.0
3072737,21.0
3077119,21.0
3078215,21.0
3079434,21.0
3082808,21.0
3083154,19.0
3088883,21.0
3089126,21.0
3094403,11.0
3094718,21.0
3095937,21.0
3099657,21.0
3100310,20.0
3105386,21.0
3105629,21.0
3108014,6.0
3110906,21.0
3112440,21.0
3113333,18.0
3115210,20.0
3119943,18.0
3122897,20.0
3124517,21.0
3126217,16.0
3128943,21.0
3132578,16.0
3136803,17.0
3139191,13.0
3139400,21.0
3140117,21.0
3145446,21.0
3145668,16.0
3146873,19.0
3154207,17.0
3154351,18.0
3155694,21.0
3155903,21.0
3156620,21.0
3161949,21.0
3163376,21.0
3168416,16.0
3170772,21.0
3172406,21.0
3172930,19.0
3173123,21.0
3178337,19.0
3178452,21.0
3179879,21.0
3184919,21.0
3188909,21.0
3189495,20.0
3192658,18.0
3194840,21.0
3194955,21.0
3195513,18.0
3196382,21.0
3201422,21.0
3205412,21.0
3205998,21.0
3209161,21.0
3211343,21.0
3211458,21.0
3212016,21.0
3212885,21.0
3217925,21.0
3222501,21.0
3226763,19.0
3227058,21.0
3227177,18.0
3227846,21.0
3228519,21.0
3229388,21.0
3234428,21.0
3239004,21.0
3243266,21.0
3243446,21.0
3243561,21.0
3243680,21.0
3244988,21.0
3245101,20.0
3250931,21.0
3255507,21.0
3260064,21.0
3260136,20.0
3260886,20.0
3261491,21.0
3261604,21.0
3264890,18.0
3266531,21.0
3275070,16.0
3276639,21.0
3277545,20.0
3278107,21.0
3281393,21.0
3283034,21.0
3283154,12.0
3284673,15.0
3292651,20.0
3293142,21.0
3294048,21.0
3294610,21.0
3297896,21.0
3299657,21.0
3300592,19.0
3301176,21.0
3309645,21.0
3310551,21.0
3311113,21.0
3314278,17.0
3316160,21.0
3317095,21.0
3317679,21.0
3319588,20.0
3327054,21.0
3330781,21.0
3331400,18.0
3332808,15.0
3334182,21.0
3334679,19.0
3336091,21.0
3337705,16.0
3343557,21.0
3346381,21.0
3347903,21.0
3350685,21.0
3351182,21.0
3352594,21.0
3354208,21.0
3356534,17.0
3359157,21.0
3364406,21.0
3367188,21.0
3367685,21.0
3369097,21.0
3370050,16.0
3370711,21.0
3373037,21.0
3380818,16.0
3383691,21.0
3384188,21.0
3384697,21.0
3386553,21.0
3387151,13.0
3387195,20.0
3389540,21.0
3397321,21.0
3400194,21.0
3403056,21.0
3403654,21.0
3403698,21.0
3404257,15.0
3405880,20.0
3406043,21.0
3413824,21.0
3416697,21.0
3419559,21.0
3420157,21.0
3420201,21.0
3420760,21.0
3422383,21.0
3422546,21.0
3430327,21.0
3432297,21.0
3436062,21.0
3436660,21.0
3436704,21.0
3438262,20.0
3438886,21.0
3439049,21.0
3446830,21.0
3448800,21.0
3452565,21.0
3453163,21.0
3454439,20.0
3454765,21.0
3455340,17.0
3460709,20.0
3465303,21.0
3469068,21.0
3469666,21.0
3470575,17.0
3471268,21.0
3471843,21.0
3475076,20.0
3476262,20.0
3481806,21.0
3484668,21.0
3486169,21.0
3486868,21.0
3487078,21.0
3488346,21.0
3491615,20.0
3492765,21.0
3498262,20.0
3502672,21.0
3503371,21.0
3503581,21.0
3504849,21.0
3507295,19.0
3508118,21.0
3509268,21.0
3514765,21.0
3519874,21.0
3520084,21.0
3521250,19.0
3521352,21.0
3523798,21.0
3524621,21.0
3525771,21.0
3531268,21.0
3536377,21.0
3536587,21.0
3537753,21.0
3537855,21.0
3540301,21.0
3541124,21.0
3542274,21.0
3547771,21.0
3554159,18.0
3554358,21.0
3556804,21.0
3557627,21.0
3558777,21.0
3560083,16.0
3562479,16.0
3564274,21.0
3570861,21.0
3573307,21.0
3574130,21.0
3575280,21.0
3576586,21.0
3578982,21.0
3579874,21.0
3579941,14.0
3586414,20.0
3588907,21.0
3590833,20.0
3593089,21.0
3594582,21.0
3596377,21.0
3596860,17.0
3602917,21.0
3605410,21.0
3605712,15.0
3607336,21.0
3611085,21.0
3612880,21.0
3615805,19.0
3618479,21.0
3621913,21.0
3622215,21.0
3623839,21.0
3624597,14.0
3628551,19.0
3629383,21.0
3632308,21.0
3634982,21.0
3638416,21.0
3641100,21.0
3641885,17.0
3645054,21.0
3645839,20.0
3648811,21.0
3649662,17.0
3651485,21.0
3654919,21.0
3657603,21.0
3658388,21.0
3661557,21.0
3662342,21.0
3665314,21.0
3666165,21.0
3667988,21.0
3671422,21.0
3674059,20.0
3676973,18.0
3678845,21.0
3680118,19.0
3681817,21.0
3683588,21.0
3686713,17.0
3687925,21.0
3690562,21.0
3695348,21.0
3695718,21.0
3699668,15.0
3700091,21.0
3700406,18.0
3703216,21.0
3704428,21.0
3706115,20.0
3711930,20.0
3712221,21.0
3716124,20.0
3716594,21.0
3716909,21.0
3719719,21.0
3720931,21.0
3722618,21.0
3728433,21.0
3728724,21.0
3733097,21.0
3733412,21.0
3735319,21.0
3736484,20.0
3738837,16.0
3739121,21.0
3746934,19.0
3748285,19.0
3749600,21.0
3749915,21.0
3751822,21.0
3755340,21.0
3755624,21.0
3757005,18.0
3762534,21.0
3764788,21.0
3766103,21.0
3768325,21.0
3769558,17.0
3771177,20.0
3773508,21.0
3774989,16.0
3779037,21.0
3781291,21.0
3784686,17.0
3784828,21.0
3786061,21.0
3788643,19.0
3789108,21.0
3796656,18.0
3797794,21.0
3798558,18.0
3801331,21.0
3804266,18.0
3804699,18.0
3805146,21.0
3807689,19.0
3814297,21.0
3815061,21.0
3816216,17.0
3817834,21.0
3821202,21.0
3821649,21.0
3822787,19.0
3824192,21.0
3830800,21.0
3831564,21.0
3832719,21.0
3834337,21.0
3837705,21.0
3838248,20.0
3838387,21.0
3840695,21.0
3847164,21.0
3848319,21.0
3850840,21.0
3855676,16.0
3855698,21.0
3856949,18.0
3857198,21.0
3863462,12.0
3864822,21.0
3867343,21.0
3872316,19.0
3875682,19.0
3878015,10.0
3878307,15.0
3879609,16.0
3881325,21.0
3883092,18.0
3888819,21.0
3891134,12.0
3891282,21.0
3894518,21.0
3894810,21.0
3896112,21.0
3898772,20.0
3899595,21.0
3906321,20.0
3907637,21.0
3907785,21.0
3910118,21.0
3911313,21.0
3912615,21.0
3914372,21.0
3919275,19.0
3922824,21.0
3924138,20.0
3924288,21.0
3926621,21.0
3930196,19.0
3930875,21.0
3935778,21.0
3939327,21.0
3940198,11.0
3940641,21.0
3941792,20.0
3946699,21.0
3947378,21.0
3951288,16.0
3952281,21.0
3956701,21.0
3957180,20.0
3958953,19.0
3960383,17.0
3966362,15.0
3968884,19.0
3968952,18.0
3973204,21.0
3973683,21.0
3975941,17.0
3976886,21.0
3981628,15.0
3982865,21.0
3985387,21.0
3985455,21.0
3988804,21.0
3990186,21.0
3992444,21.0
3993389,21.0
3999368,21.0
4001055,21.0
4001890,21.0
4003385,19.0
4005307,21.0
4006689,21.0
4008947,21.0
4009892,21.0
4015871,21.0
4017558,21.0
4018393,21.0
4021810,21.0
4021846,19.0
4024247,19.0
4026395,21.0
4026561,18.0
4032374,21.0
4034896,21.0
4038313,21.0
4038349,21.0
4040750,21.0
4043064,21.0
4044337,16.0
4047011,18.0
4048877,21.0
4053445,20.0
4053949,21.0
4057894,19.0
4059271,19.0
4060840,21.0
4063514,21.0
4063719,17.0
4065380,21.0
4070452,21.0
4073142,18.0
4074397,21.0
4075774,21.0
4077343,21.0
4080017,21.0
4080222,21.0
4081883,21.0
4086955,21.0
4089645,21.0
4090900,21.0
4092277,21.0
4093846,21.0
4095617,21.0
4098386,21.0
4101882,20.0
4103458,21.0
4106148,21.0
4107403,21.0
4108780,21.0
4110349,21.0
4112120,21.0
4114889,21.0
4118385,21.0
4119961,21.0
4122651,21.0
4124380,21.0
4126852,21.0
4128623,21.0
4131125,19.0
4131392,21.0
4134888,21.0
4136417,20.0
4139154,21.0
4140883,21.0
4143355,21.0
4145126,21.0
4147628,21.0
4147895,21.0
4151391,21.0
4152920,21.0
4155657,21.0
4157386,21.0
4158955,21.0
4161629,21.0
4164131,21.0
4164398,21.0
4167894,21.0
4169423,21.0
4172160,21.0
4173902,20.0
4175458,21.0
4178132,21.0
4180634,21.0
4180901,21.0
4184397,21.0
4189741,20.0
4191140,20.0
4191961,21.0
4192427,20.0
4197404,21.0
4200357,17.0
4200900,21.0
4201905,17.0
4206244,21.0
4209465,20.0
4209762,19.0
4211007,19.0
4213004,21.0
4218522,20.0
4222747,21.0
4223976,19.0
4224523,20.0
4225968,21.0
4226265,21.0
4227510,21.0
4233585,17.0
4235025,21.0
4239250,21.0
4239576,21.0
4241129,20.0
4242471,21.0
4242768,21.0
4244013,21.0
4250088,21.0
4253620,18.0
4255753,21.0
4256079,21.0
4257632,21.0
4258974,21.0
4259271,21.0
4260516,21.0
4266591,21.0
4270123,21.0
4272335,20.0
4272582,21.0
4274135,21.0
4276556,18.0
4277019,21.0
4280920,15.0
4287677,18.0
4288306,20.0
4289893,19.0
4291093,19.0
4293059,21.0
4296473,20.0
4297765,16.0
4298795,14.0
4304762,20.0
4306255,17.0
4307596,21.0
4308452,19.0
4310633,18.0
4312976,21.0
4318368,18.0
4318464,18.0
4322758,21.0
4324099,21.0
4324955,21.0
4326477,20.0
4327136,21.0
4329479,21.0
4334871,21.0
4339084,19.0
4339261,21.0
4340602,21.0
4341458,21.0
4342980,21.0
4343639,21.0
4345982,21.0
4351374,21.0
4355587,21.0
4355764,21.0
4357105,21.0
4357961,21.0
4359436,20.0
4362485,21.0
4364308,20.0
4367877,21.0
4372267,21.0
4372705,21.0
4374464,21.0
4375939,21.0
4378988,21.0
4380811,21.0
4381376,11.0
4384380,21.0
4388770,21.0
4389208,21.0
4390967,21.0
4391539,21.0
4395491,21.0
4397879,21.0
4398371,19.0
4400883,21.0
4405711,21.0
4407470,21.0
4408042,21.0
4411994,21.0
4414382,21.0
4415577,14.0
4417386,21.0
4422094,17.0
4422214,21.0
4423973,21.0
4424545,21.0
4428497,21.0
4429982,21.0
4432080,21.0
4438597,21.0
4438717,21.0
4440122,20.0
4440476,21.0
4441048,21.0
4445000,21.0
4446485,21.0
4448583,21.0
4455100,21.0
4455220,21.0
4461503,21.0
4464821,16.0
4465232,18.0
4467055,20.0
4469937,10.0
4471302,13.0
4471616,20.0
4478006,21.0
4480421,21.0
4482847,19.0
4483558,21.0
4485103,7.0
4486440,21.0
4487805,21.0
4488119,21.0
4496924,21.0
4497712,18.0
4500061,21.0
4501606,21.0
4503404,17.0
4504308,21.0
4504969,19.0
4510859,18.0
4513427,21.0
4514215,21.0
4519907,21.0
4520522,20.0
4521793,17.0
4523298,20.0
4527362,21.0
4528115,17.0
4529930,21.0
4530718,21.0
4537025,21.0
4538296,21.0
4539801,21.0
4542619,19.0
4543865,21.0
4546433,21.0
4547221,21.0
4551810,15.0
4553528,21.0
4554812,20.0
4556304,21.0
4560208,20.0
4560368,21.0
4562936,21.0
4563724,21.0
4572807,21.0
4573493,18.0
4576182,18.0
4576711,21.0
4578508,18.0
4579439,21.0
4579934,17.0
4580227,21.0
4589310,21.0
4589996,21.0
4592685,21.0
4593214,21.0
4595011,21.0
4595942,21.0
4596437,21.0
4596743,20.0
4607535,20.0
4607897,19.0
4609188,21.0
4609717,21.0
4612940,21.0
4613260,21.0
4613503,20.0
4613609,19.0
4624038,21.0
4625691,21.0
4626220,21.0
4628631,19.0
4629443,21.0
4630006,21.0
4630112,21.0
4637016,16.0
4640541,21.0
4642194,21.0
4642723,21.0
4645134,21.0
4645946,21.0
4646509,21.0
4646615,21.0
4653500,20.0
4657044,21.0
4657794,21.0
4663527,19.0
4663610,18.0
4664050,20.0
4667333,20.0
4669624,14.0
4673547,21.0
4674297,21.0
4676194,11.0
4679210,21.0
4680010,21.0
4680553,21.0
4683836,21.0
4689100,20.0
4690183,13.0
4690800,21.0
4692697,21.0
4695713,21.0
4696513,21.0
4697056,21.0
4700339,21.0
4707303,21.0
4709200,21.0
4710791,18.0
4713007,14.0
4713016,21.0
4713247,20.0
4713634,20.0
4716842,21.0
4723806,21.0
4725703,21.0
4727294,21.0
4728616,21.0
4729510,21.0
4729750,21.0
4733160,18.0
4733345,21.0
4740309,21.0
4742206,21.0
4745119,21.0
4746253,21.0
4746919,19.0
4748039,19.0
4749663,21.0
4749848,21.0
4756812,21.0
4758709,21.0
4761602,21.0
4762756,21.0
4766207,20.0
4766351,21.0
4771685,10.0
4771819,9.0
4773315,21.0
4775212,21.0
4778105,21.0
4779259,21.0
4782710,21.0
4782854,21.0
4788188,21.0
4788322,21.0
4789818,21.0
4791715,21.0
4794608,21.0
4795762,21.0
4799213,21.0
4799357,21.0
4805803,20.0
4806321,21.0
4806713,20.0
4808218,21.0
4811111,21.0
4812265,21.0
4815716,21.0
4822306,21.0
4823152,19.0
4823216,21.0
4823844,20.0
4827614,21.0
4827818,20.0
4827832,20.0
4831296,21.0
4839397,20.0
4839719,21.0
4843043,16.0
4843432,21.0
4844117,21.0
4844321,21.0
4845842,18.0
4847799,21.0
4855900,21.0
4859546,21.0
4859935,21.0
4860620,21.0
4862298,20.0
4863518,18.0
4864302,21.0
4864968,18.0
4876049,21.0
4876486,17.0
4877123,21.0
4877433,19.0
4878879,20.0
4880021,21.0
4880785,21.0
4881451,21.0
4892989,21.0
4893626,21.0
4893936,21.0
4895382,21.0
4896524,21.0
4897288,21.0
4897954,21.0
4905920,5.0
4910129,21.0
4912548,17.0
4912928,20.0
4913027,21.0
4913791,21.0
4914457,21.0
4918814,14.0
4922423,21.0
4929051,21.0
4930294,21.0
4931611,20.0
4932888,18.0
4935040,18.0
4935317,21.0
4935563,19.0
4938926,21.0
4945554,21.0
4946797,21.0
4948114,21.0
4949391,21.0
4951820,21.0
4952066,21.0
4955429,21.0
4957752,19.0
4962057,21.0
4963300,21.0
4964617,21.0
4965894,21.0
4968323,21.0
4968569,21.0
4971932,21.0
4974255,21.0
4979803,21.0
4980170,20.0
4981720,18.0
4982472,20.0
4984169,21.0
4984826,21.0
4992839,20.0
4996306,21.0
4996673,21.0
4998223,21.0
4998975,21.0
5000426,21.0