step,score,cells,select_leaf_ratio
3000,0.0,43,1.0
6000,0.0,63,0.7333333333333333
8961,0.0,65,0.7111111111111111
11813,0.0,75,0.6083333333333333
14801,0.0,78,0.5733333333333334
17801,0.0,82,0.5222222222222223
20801,0.0,84,0.5142857142857142
23776,0.0,87,0.49583333333333335
26776,0.0,93,0.4888888888888889
29776,0.0,95,0.49
32741,0.0,97,0.47878787878787876
35716,0.0,97,0.4666666666666667
38669,0.0,100,0.45897435897435895
41654,0.0,101,0.45476190476190476
44654,0.0,101,0.46444444444444444
47654,0.0,104,0.44375
50611,0.0,105,0.44313725490196076
53611,0.0,105,0.43703703703703706
56573,0.0,105,0.4421052631578947
59573,0.0,106,0.445
62573,0.0,106,0.4444444444444444
65573,0.0,106,0.4393939393939394
68573,0.0,106,0.4391304347826087
71573,0.0,106,0.44166666666666665
74573,0.0,106,0.44266666666666665
77542,0.0,107,0.43846153846153846
80542,0.0,109,0.43580246913580245
83542,0.0,109,0.44047619047619047
86542,0.0,109,0.4425287356321839
89542,0.0,109,0.4477777777777778
92527,0.0,110,0.44408602150537635
95527,0.0,111,0.44375
98527,0.0,111,0.44242424242424244
101527,0.0,114,0.442156862745098
104516,0.0,114,0.44
107516,0.0,114,0.4388888888888889
110516,0.0,114,0.436036036036036
113495,0.0,114,0.4359649122807018
116495,0.0,114,0.4393162393162393
119495,0.0,114,0.43916666666666665
122487,0.0,114,0.44065040650406506
125483,0.0,114,0.44206349206349205
128483,0.0,114,0.44263565891472867
131462,0.0,114,0.4393939393939394
134462,0.0,114,0.4437037037037037
137462,0.0,115,0.44130434782608696
140462,0.0,115,0.4418439716312057
143462,0.0,115,0.44166666666666665
146452,0.0,115,0.4414965986394558
149437,0.0,115,0.44466666666666665
152437,0.0,115,0.44836601307189544
155437,0.0,115,0.4467948717948718
158437,0.0,117,0.44339622641509435
161437,0.0,117,0.4425925925925926
164437,400.0,128,0.4393939393939394
167437,400.0,128,0.4380952380952381
170431,400.0,128,0.43625730994152045
173431,400.0,131,0.43275862068965515
176410,400.0,143,0.4350282485875706
179278,400.0,155,0.43722222222222223
182110,400.0,156,0.4382513661202186
184990,400.0,158,0.439247311827957
187914,400.0,158,0.43915343915343913
190865,400.0,158,0.4401041666666667
193743,400.0,164,0.44153846153846155
196743,400.0,164,0.44292929292929295
199619,400.0,166,0.4427860696517413
202604,400.0,175,0.4426470588235294
205475,400.0,176,0.442512077294686
208376,400.0,180,0.4423809523809524
211376,400.0,180,0.4431924882629108
214352,400.0,180,0.4444444444444444
217352,400.0,181,0.4438356164383562
220252,400.0,181,0.4436936936936937
223188,400.0,182,0.44266666666666665
226188,400.0,183,0.4407894736842105
229188,400.0,184,0.4380952380952381
232136,400.0,184,0.4358974358974359
235136,400.0,184,0.43670886075949367
238136,400.0,185,0.4370833333333333
241136,400.0,187,0.4374485596707819
244071,400.0,189,0.4373983739837398
247071,400.0,190,0.4397590361445783
250037,400.0,190,0.4392857142857143
253037,400.0,190,0.44
256037,400.0,190,0.4422480620155039
259037,400.0,190,0.4425287356321839
261974,400.0,190,0.44166666666666665
264974,400.0,190,0.4411985018726592
267890,400.0,195,0.44185185185185183
270767,400.0,195,0.44285714285714284
273617,400.0,195,0.4427536231884058
276444,400.0,203,0.4437275985663082
279444,400.0,204,0.44468085106382976
282444,400.0,208,0.44526315789473686
285422,400.0,208,0.4461805555555556
288361,400.0,208,0.447766323024055
291355,400.0,209,0.4479591836734694
294355,400.0,209,0.44915824915824915
297274,400.0,210,0.4503333333333333
300239,400.0,210,0.45016501650165014
303206,400.0,210,0.45065359477124184
306206,400.0,210,0.4533980582524272
309206,400.0,212,0.45384615384615384
312160,400.0,212,0.45365079365079364
315145,400.0,216,0.4547169811320755
318099,400.0,218,0.45295950155763237
321099,400.0,252,0.45339506172839505
324028,400.0,266,0.4529051987767584
326990,400.0,343,0.4533333333333333
329737,400.0,417,0.45345345345345345
332615,400.0,505,0.4529761904761905
335547,400.0,564,0.45368731563421827
338345,400.0,635,0.452046783625731
341078,400.0,679,0.45159420289855073
343753,400.0,714,0.4502873563218391
346465,400.0,802,0.4495726495726496
348920,400.0,830,0.45028248587570624
351182,400.0,850,0.450140056022409
354037,400.0,888,0.44972222222222225
356417,400.0,925,0.45179063360881544
358962,400.0,946,0.45109289617486337
361588,400.0,978,0.4504065040650406
364331,400.0,1016,0.44946236559139785
366821,400.0,1040,0.45013333333333333
369319,400.0,1059,0.45026455026455026
372100,400.0,1119,0.4503937007874016
374732,400.0,1140,0.45026041666666666
376816,500.0,1165,0.4501291989664083
379292,500.0,1187,0.448974358974359
381889,500.0,1203,0.4488549618320611
384077,500.0,1220,0.4494949494949495
386582,500.0,1245,0.4488721804511278
389198,500.0,1258,0.4482587064676617
391428,500.0,1285,0.4479012345679012
394360,500.0,1312,0.4468137254901961
396979,500.0,1320,0.4467153284671533
399430,500.0,1349,0.4454106280193237
401761,500.0,1366,0.4448441247002398
404137,500.0,1388,0.44571428571428573
406934,500.0,1415,0.4458628841607565
409513,500.0,1435,0.4448356807511737
412344,500.0,1463,0.44475524475524475
414779,500.0,1475,0.4444444444444444
417209,500.0,1491,0.4439080459770115
419927,500.0,1517,0.44269406392694066
422667,500.0,1523,0.44308390022675737
425406,500.0,1542,0.44324324324324327
427741,500.0,1553,0.4425055928411633
430070,500.0,1572,0.4424444444444444
432810,500.0,1588,0.44260485651214126
435438,500.0,1597,0.44342105263157894
438172,500.0,1598,0.44313725490196076
440790,500.0,1616,0.44393939393939397
443462,500.0,1619,0.44451612903225807
446209,500.0,1631,0.4444444444444444
448771,500.0,1644,0.4445859872611465
451433,500.0,1650,0.44451476793248945
454222,500.0,1667,0.4446540880503145
456968,500.0,1678,0.44333333333333336
459727,500.0,1686,0.44451345755693583
462406,500.0,1699,0.44423868312757203
464916,500.0,1711,0.4447852760736196
467367,500.0,1717,0.44552845528455287
470202,500.0,1732,0.4444444444444444
472652,500.0,1734,0.443574297188755
475152,500.0,1743,0.4439121756487026
477711,500.0,1754,0.44325396825396823
480560,500.0,1770,0.4433925049309665
483246,500.0,1777,0.44392156862745097
485701,500.0,1785,0.4446393762183236
488477,500.0,1791,0.44476744186046513
491057,500.0,1795,0.44508670520231214
493511,500.0,1799,0.4461685823754789
496023,500.0,1801,0.4462857142857143
498591,500.0,1806,0.44640151515151516
501134,500.0,1815,0.44613935969868174
503593,500.0,1817,0.44569288389513106
506076,500.0,1831,0.44581005586592176
508826,500.0,1849,0.4464814814814815
511337,500.0,1852,0.4458563535911602
514105,500.0,1863,0.44633699633699636
516589,500.0,1881,0.44663023679417124
519097,500.0,1890,0.44710144927536233
521598,500.0,1891,0.44756756756756755
524238,500.0,1892,0.44695340501792113
526828,500.0,1896,0.4475935828877005
529290,500.0,1907,0.4475177304964539
531898,500.0,1915,0.4469135802469136
534391,500.0,1920,0.44719298245614036
537218,500.0,1931,0.4474694589877836
539969,500.0,1935,0.4473958333333333
542643,500.0,1940,0.4473229706390328
545356,500.0,1949,0.44810996563573885
547987,500.0,1953,0.4475213675213675
550617,500.0,1959,0.44727891156462585
553277,500.0,1962,0.44754653130287647
555790,500.0,1967,0.4478114478114478
558205,500.0,1968,0.44840871021775547
560717,500.0,1972,0.44816666666666666
563448,500.0,1977,0.4482587064676617
566185,500.0,1983,0.44834983498349834
568796,500.0,1994,0.448440065681445
571554,500.0,1999,0.44901960784313727
574276,500.0,2012,0.4486178861788618
576814,500.0,2016,0.4493527508090615
579324,500.0,2019,0.4492753623188406
582036,500.0,2028,0.4498397435897436
584568,500.0,2031,0.4500797448165869
587070,500.0,2035,0.4498412698412698
589785,500.0,2040,0.44992101105845184
592531,500.0,2043,0.4511006289308176
595094,500.0,2044,0.4510172143974961
597902,500.0,2050,0.4514018691588785
600690,500.0,2055,0.4516279069767442
603343,500.0,2060,0.4513888888888889
606155,500.0,2066,0.4511520737327189
608522,500.0,2068,0.4510703363914373
611163,500.0,2072,0.4520547945205479
613822,500.0,2078,0.45242424242424245
616603,500.0,2082,0.45294117647058824
619294,500.0,2087,0.45315315315315313
622108,500.0,2100,0.452914798206278
624899,500.0,2103,0.45357142857142857
627359,500.0,2105,0.4539259259259259
630064,500.0,2114,0.4533923303834808
632666,500.0,2117,0.45374449339207046
635282,500.0,2119,0.45380116959064326
638033,500.0,2132,0.45356622998544394
640554,500.0,2140,0.45318840579710146
642971,500.0,2144,0.4536796536796537
645718,500.0,2154,0.4543103448275862
648550,500.0,2157,0.45450643776824035
650992,500.0,2161,0.4554131054131054
653598,500.0,2167,0.4553191489361702
656279,500.0,2173,0.4555084745762712
658810,500.0,2174,0.45583684950773556
661379,500.0,2176,0.4557422969187675
663927,500.0,2179,0.45550906555090653
666435,500.0,2186,0.4558333333333333
668827,500.0,2191,0.45587828492392807
671534,500.0,2194,0.45523415977961434
673694,500.0,2198,0.45555555555555555
676242,500.0,2200,0.455327868852459
678889,500.0,2201,0.4552380952380952
681577,500.0,2205,0.4550135501355014
684360,500.0,2210,0.455195681511471
687115,500.0,2216,0.4551075268817204
689572,500.0,2219,0.4548862115127175
692223,500.0,2223,0.4553333333333333
694796,500.0,2230,0.4555112881806109
697109,500.0,2239,0.45595238095238094
699724,500.0,2240,0.4559947299077734
702110,500.0,2244,0.4559055118110236
704738,500.0,2246,0.45647058823529413
707627,500.0,2256,0.45625
710053,500.0,2257,0.4557717250324254
712654,500.0,2261,0.4563307493540052
715112,500.0,2263,0.4568854568854569
717861,500.0,2268,0.4571794871794872
720690,500.0,2280,0.4567049808429119
723152,500.0,2280,0.45674300254452926
725780,500.0,2281,0.4574144486692015
728301,500.0,2284,0.45795454545454545
730979,500.0,2284,0.45861635220125785
733467,500.0,2289,0.4587719298245614
735853,500.0,2292,0.45880149812734083
738334,500.0,2297,0.458955223880597
741076,500.0,2299,0.45848822800495664
743845,500.0,2301,0.4579012345679012
746309,500.0,2302,0.45805658056580567
748863,500.0,2303,0.4583333333333333
751626,500.0,2308,0.4586080586080586
753939,500.0,2310,0.45924574209245744
756421,500.0,2311,0.459030303030303
759264,500.0,2314,0.4592995169082126
761764,500.0,2317,0.4595667870036101
764585,500.0,2318,0.45995203836930454
767130,500.0,2322,0.4596176821983274
769944,500.0,2325,0.4594047619047619
772418,500.0,2326,0.45919335705812575
774845,500.0,2327,0.45886524822695035
777612,500.0,2329,0.4586572438162544
780117,500.0,2332,0.4591549295774648
782542,500.0,2332,0.4589473684210526
785146,500.0,2334,0.4593240093240093
787793,500.0,2337,0.4596980255516841
790471,500.0,2341,0.4600694444444444
793052,500.0,2341,0.46032295271049595
795598,2500.0,2345,0.46045977011494255
797978,2500.0,2348,0.4608247422680412
800670,2500.0,2352,0.4606164383561644
803186,2500.0,2357,0.46075085324232085
805764,2500.0,2358,0.4608843537414966
808479,2500.0,2360,0.4606779661016949
811120,2500.0,2363,0.4606981981981982
813393,2500.0,2363,0.4612794612794613
815966,2500.0,2363,0.46129753914988814
818647,2500.0,2365,0.46098104793756967
821234,2500.0,2368,0.4613333333333333
823778,2500.0,2373,0.46190476190476193
826357,2500.0,2375,0.46236203090507727
829044,2500.0,2381,0.4628162816281628
831677,2500.0,2383,0.46304824561403507
834529,2500.0,2387,0.4628415300546448
837388,2500.0,2392,0.4628540305010893
840182,2500.0,2396,0.46243213897937024
843007,2500.0,2397,0.46266233766233766
845840,2500.0,2399,0.46256742179072274
848550,2500.0,2402,0.4624731182795699
851172,2500.0,2404,0.462486602357985
853909,2500.0,2408,0.46260683760683763
856709,2500.0,2410,0.4619808306709265
859272,2500.0,2412,0.46167728237791933
861984,2500.0,2416,0.46190476190476193
864784,2500.0,2416,0.46160337552742614
867506,2500.0,2417,0.4618296529968454
870143,2500.0,2420,0.46163522012578617
872969,2500.0,2422,0.4618599791013584
875807,2500.0,2425,0.46260416666666665
878483,2500.0,2428,0.46240913811007267
881333,2500.0,2434,0.4624223602484472
884045,2500.0,2438,0.46222910216718266
886820,2500.0,2444,0.4630658436213992
889559,2500.0,2451,0.46297435897435896
892330,2500.0,2457,0.4630879345603272
895190,2500.0,2457,0.463914373088685
897821,2500.0,2464,0.463719512195122
900611,2500.0,2475,0.46382978723404256
903295,2500.0,2477,0.4637373737373737
905873,2500.0,2478,0.4639476334340383
908614,2500.0,2478,0.463855421686747
911272,2500.0,2482,0.46426426426426426
913990,2500.0,2486,0.46347305389221555
916720,2500.0,2493,0.46378109452736316
919128,2500.0,2502,0.4642857142857143
921715,2500.0,2514,0.46439169139465875
924367,2500.0,2517,0.4643984220907298
927066,2500.0,2521,0.46440511307767945
929567,2500.0,2527,0.4647058823529412
932172,2500.0,2530,0.46480938416422285
934851,2500.0,2530,0.4652046783625731
937801,2500.0,2539,0.46491739552964045
940518,2500.0,2541,0.4650193798449612
943057,2500.0,2543,0.46541062801932365
945914,2500.0,2546,0.4657996146435453
948643,2500.0,2551,0.4658021133525456
951408,2500.0,2558,0.46609195402298853
954152,2500.0,2563,0.466189111747851
956728,2500.0,2564,0.4661904761904762
959464,2500.0,2565,0.466286799620133
961873,2500.0,2571,0.4660984848484849
964505,2500.0,2578,0.4665722379603399
966887,2500.0,2580,0.4664783427495292
969210,2500.0,2584,0.46657276995305164
971631,2500.0,2587,0.46676029962546817
974496,2500.0,2587,0.4666666666666667
977182,2500.0,2590,0.4666666666666667
979811,2500.0,2593,0.4666666666666667
982377,2500.0,2594,0.4664814814814815
984760,2500.0,2598,0.4662049861495845
987487,2500.0,2599,0.46593001841620624
990246,2500.0,2604,0.46611570247933887
992986,2500.0,2604,0.4663919413919414
995715,2500.0,2608,0.46657534246575344
998518,2500.0,2609,0.4669398907103825
1001045,2500.0,2613,0.46712079927338784
1003697,2500.0,2621,0.46693840579710144
1006294,2500.0,2622,0.4669376693766938
1008835,2500.0,2622,0.4666666666666667
1011280,2500.0,2624,0.46657681940700807
1013904,2500.0,2627,0.46648745519713264
1016435,2500.0,2630,0.46684539767649685
1019222,2500.0,2632,0.46693404634581104
1021675,2500.0,2634,0.46684444444444445
1024204,2500.0,2638,0.4671099290780142
1026855,2500.0,2641,0.46702033598585324
1029376,2500.0,2647,0.46710758377425043
1032049,2500.0,2652,0.4672823218997362
1034831,2500.0,2658,0.4674561403508772
1037659,2500.0,2660,0.46771653543307085
1040257,2500.0,2664,0.4677137870855148
1043073,2500.0,2665,0.46779808529155786
1045690,2500.0,2665,0.46796875
1047961,2500.0,2668,0.4684848484848485
1050615,2500.0,2670,0.4680483592400691
1053256,2500.0,2674,0.4676141257536606
1055760,2500.0,2679,0.46735395189003437
1058268,2500.0,2682,0.4675235646958012
1060634,2500.0,2689,0.4676923076923077
1063202,2500.0,2694,0.46794543904518326
1065770,2500.0,2695,0.46811224489795916
1068048,2500.0,2698,0.4682782018659881
1070601,2500.0,2698,0.4685279187817259
1073280,2500.0,2703,0.46860759493670884
1075956,2500.0,2705,0.4686868686868687
1078546,2500.0,2712,0.46893366918555834
1081347,2500.0,2712,0.46884422110552765
1083964,2500.0,2716,0.4692564745196324
1086279,2500.0,2718,0.4696666666666667
1089006,2500.0,2721,0.46949293433083955
1091585,2500.0,2722,0.46981757877280267
1094215,2500.0,2726,0.469727047146402
1096860,2500.0,2727,0.4702145214521452
1099528,2500.0,2728,0.4702880658436214
1101942,2500.0,2730,0.4705254515599343
1104547,2500.0,2733,0.4705159705159705
1106990,2500.0,2739,0.47091503267973855
1109728,2500.0,2743,0.47090464547677263
1112454,2500.0,2744,0.47097560975609754
1115160,2500.0,2746,0.4712895377128954
1117671,2500.0,2750,0.47127831715210355
1120124,2500.0,2760,0.4711864406779661
1122872,2500.0,2763,0.4713365539452496
1125624,2500.0,2772,0.47116465863453816
1128250,2500.0,2775,0.47147435897435896
1130801,2500.0,2790,0.471382893685052
1133242,2500.0,2798,0.4716108452950558
1135987,2500.0,2801,0.471678599840891
1138616,2500.0,2803,0.4716666666666667
1141331,2500.0,2806,0.4718923198733175
1144040,2500.0,2808,0.4718009478672986
1146767,2500.0,2809,0.471946414499606
1149439,2500.0,2814,0.47209119496855345
1151969,2500.0,2815,0.47231372549019607
1154724,2500.0,2820,0.4723004694835681
1157453,2500.0,2824,0.47220921155347384
1160104,2500.0,2827,0.47258566978193145
1162907,2500.0,2830,0.4721833721833722
1165648,2500.0,2832,0.47232558139534886
1168375,2500.0,2837,0.4726218097447796
1171089,2500.0,2842,0.47260802469135804
1173959,2500.0,2844,0.4721324095458045
1176742,2500.0,2847,0.4720430107526882
1179156,2500.0,2848,0.47203065134099614
1181740,2500.0,2848,0.47217125382263
1184422,2500.0,2853,0.47223493516399695
1186800,2500.0,2856,0.4727549467275495
1189598,2500.0,2858,0.47266514806378135
1192348,2500.0,2861,0.4724242424242424
1194992,2500.0,2864,0.4724867724867725
1197582,2500.0,2865,0.472473604826546
1200153,2500.0,2867,0.4724604966139955
1202818,2500.0,2877,0.47282282282282284
1205574,2500.0,2881,0.47273408239700376
1208234,2500.0,2883,0.47294469357249624
1210830,2500.0,2883,0.4727815063385533
1213498,2500.0,2887,0.4728422619047619
1216092,2500.0,2891,0.4728285077951002
1218675,2500.0,2894,0.4731851851851852
1221221,2500.0,2895,0.473540280857354
1224003,2500.0,2901,0.47345132743362833
1226698,2500.0,2902,0.47373068432671084
1229414,2500.0,2905,0.4737151248164464
1231994,2500.0,2907,0.47384615384615386
1234695,2500.0,2909,0.47383040935672516
1237260,2500.0,2917,0.4738876732312181
1239787,2500.0,2922,0.47409024745269285
1242274,2500.0,2924,0.47429193899782135
1245018,2500.0,2927,0.4747826086956522
1247789,2500.0,2929,0.47512653651482284
1250383,2500.0,2929,0.4756132756132756
1253156,2500.0,2936,0.47566594672426205
1255752,2500.0,2937,0.47586206896551725
1258158,2500.0,2942,0.4757706093189964
1260820,2500.0,2945,0.47582260371959945
1263594,2500.0,2953,0.47544610992148467
1266440,2500.0,2954,0.4756410256410256
1269257,2500.0,2956,0.4759061833688699
1271870,2500.0,2957,0.47609929078014185
1274443,2500.0,2962,0.4759377211606511
1277095,2500.0,2965,0.4762005649717514
1279579,2500.0,2967,0.47646229739252993
1282267,2500.0,2967,0.4770042194092827
1284817,2500.0,2967,0.47726315789473683
1287257,2500.0,2967,0.47717086834733896
1289828,2500.0,2967,0.4774982529699511
1292162,2500.0,2970,0.4776150627615063
1294687,2500.0,2971,0.4778705636743215
1297319,2500.0,2971,0.4778472222222222
1300126,2500.0,2975,0.47768537768537767
1302939,2500.0,2978,0.4773858921161826
1305687,2500.0,2980,0.4777087646652864
1308422,2500.0,2980,0.478099173553719
1311196,2500.0,2982,0.4779381443298969
1313790,2500.0,2983,0.47791495198902606
1316446,2500.0,2984,0.4783025325119781
1318917,2500.0,2985,0.4787568306010929
1321521,2500.0,2986,0.47920927062031354
1324387,2500.0,2995,0.4791836734693877
1326964,2500.0,2998,0.47922606924643585
1329667,2500.0,3003,0.4792682926829268
1332223,2500.0,3004,0.4795131845841785
1334699,2500.0,3004,0.47968960863697707
1337205,2500.0,3004,0.47993265993265993
1339783,2500.0,3006,0.4803091397849462
1342362,2500.0,3007,0.48054996646545944
1345145,2500.0,3009,0.4807228915662651
1347782,2500.0,3012,0.48096192384769537
1350627,2500.0,3013,0.4806666666666667
1353344,2500.0,3013,0.4808383233532934
1355882,2500.0,3014,0.48087649402390437
1358715,2500.0,3014,0.48111332007952284
1361330,2500.0,3016,0.4814153439153439
1364223,2500.0,3028,0.48171617161716174
1366880,2500.0,3029,0.48175230566534916
1369647,2500.0,3032,0.4819197896120973
1372485,2500.0,3036,0.4822834645669291
1375111,2500.0,3036,0.4823182711198428
1378019,2500.0,3040,0.48254901960784313
1380777,2500.0,3041,0.4823222439660796
1383579,2500.0,3044,0.48235677083333334
1386273,2500.0,3046,0.4825211176088369
1389056,2500.0,3048,0.4825551232166018
1391844,2500.0,3049,0.48271844660194174
1394564,2500.0,3052,0.4827519379844961
1397470,2500.0,3055,0.48336557059961316
1400238,2500.0,3055,0.4837194337194337
1402930,2500.0,3056,0.4838150289017341
1405703,2500.0,3057,0.48378205128205126
1408462,2500.0,3062,0.4839411388355726
1411171,2500.0,3062,0.48409961685823755
1413819,2500.0,3062,0.48381134480560867
1416399,2500.0,3062,0.48377862595419846
1419066,2500.0,3063,0.48355555555555557
1421644,2500.0,3064,0.48371356147021544
1424503,2500.0,3065,0.48374446552814676
1427100,2500.0,3067,0.48390151515151514
1429889,2500.0,3074,0.483994959042218
1432746,2500.0,3076,0.4838993710691824
1435626,2500.0,3076,0.48386691776522284
1438392,2500.0,3076,0.4838345864661654
1441274,2500.0,3076,0.4839899937460913
1443986,2500.0,3079,0.48420724094881396
1446795,2500.0,3080,0.4844859813084112
1449474,2500.0,3080,0.4843283582089552
1452184,2500.0,3083,0.48429546865301054
1454895,2500.0,3090,0.48438661710037173
1457681,2500.0,3090,0.4844155844155844
1460156,2500.0,3092,0.4848148148148148
1462764,2500.0,3093,0.48471965495995073
1465390,2500.0,3095,0.4848093480934809
1468210,2500.0,3096,0.4845303867403315
1470901,2500.0,3097,0.48480392156862745
1473831,2500.0,3099,0.4847094801223242
1476632,2500.0,3101,0.4851037851037851
1479366,2500.0,3105,0.4851310176721511
1482074,2500.0,3105,0.48552311435523116
1484757,2500.0,3109,0.4856709168184578
1487422,2500.0,3110,0.48557575757575755
1490038,2500.0,3110,0.48554143980641257
1492794,2500.0,3114,0.48580917874396135
1495420,2500.0,3117,0.48577456298975286
1498105,2500.0,3120,0.48567990373044523
1500715,2500.0,3120,0.486006006006006
1503295,2500.0,3121,0.4859112709832134
1506006,2500.0,3123,0.4858767205266308
1508546,2500.0,3126,0.4860215053763441
1511420,2500.0,3128,0.4864042933810376
1514346,2500.0,3132,0.48642857142857143
1517037,2500.0,3134,0.4865715983363042
1519862,2500.0,3135,0.48653618030842233
1522674,2500.0,3136,0.48656009473060985
1525644,2500.0,3137,0.4862884160756501
1528418,2500.0,3137,0.4860176991150442
1531071,2500.0,3140,0.48610129564193166
1533768,2500.0,3143,0.4861845972957084
1536619,2500.0,3144,0.4859154929577465
1539491,2500.0,3144,0.4862917398945518
1542303,2500.0,3150,0.4860233918128655
1544853,2500.0,3155,0.4859894921190893
1547271,2500.0,3156,0.4863053613053613
1550040,2500.0,3163,0.4864456079115765
1552711,2500.0,3165,0.48664343786295006
1555367,2500.0,3166,0.48678260869565215
1558107,2500.0,3166,0.4866898148148148
1560935,2500.0,3168,0.48648180242634315
1563439,2500.0,3170,0.48662053056516724
1566229,2500.0,3177,0.48664363845710995
1568807,2500.0,3177,0.4867816091954023
1571667,2500.0,3178,0.4865748709122203
1574483,2500.0,3181,0.4870561282932417
1577156,2500.0,3190,0.4872498570611778
1579810,2500.0,3192,0.4874429223744292
1582676,2500.0,3192,0.4876923076923077
1585379,2500.0,3192,0.48754266211604097
1588174,2500.0,3192,0.48756388415672913
1590835,2500.0,3194,0.4878684807256236
1593425,2500.0,3194,0.4883418222976797
1596101,2500.0,3195,0.4884180790960452
1598928,2500.0,3198,0.48815566835871405
1601759,2500.0,3198,0.48817567567567566
1604421,2500.0,3198,0.4881956155143339
1607367,2500.0,3199,0.488327721661055
1610116,2500.0,3199,0.4882913165266106
1612910,2500.0,3202,0.4884787472035794
1615658,2500.0,3202,0.4884422110552764
1618467,2500.0,3204,0.48857302118171686
1621040,2500.0,3205,0.4890929326655537
1623632,2500.0,3210,0.489
1626526,2500.0,3212,0.4891292290626733
1629311,2500.0,3214,0.4894795127353267
1631899,2500.0,3215,0.48955223880597015
1634498,2500.0,3217,0.48956953642384105
1637339,2500.0,3219,0.48953168044077133
1640102,2500.0,3220,0.48971397139713974
1642525,2500.0,3220,0.4897309170785283
1645268,2500.0,3221,0.48974780701754383
1647917,2500.0,3222,0.4897646414887794
1650323,2500.0,3223,0.4898360655737705
1652906,2500.0,3224,0.4898527004909984
1655653,2500.0,3226,0.4898692810457516
1658543,2500.0,3229,0.48994018488308866
1661329,2500.0,3231,0.48995656894679696
1664022,2500.0,3231,0.4900271002710027
1666709,2500.0,3239,0.4899891774891775
1669423,2500.0,3244,0.4900054024851432
1672307,2500.0,3244,0.4900215749730313
1674965,2500.0,3249,0.4899299946149704
1677664,2500.0,3254,0.49016129032258066
1680441,2500.0,3258,0.49033816425120774
1683007,2500.0,3260,0.49008574490889606
1685528,2500.0,3260,0.49004815409309793
1688110,2500.0,3262,0.48990384615384613
1690700,2500.0,3266,0.49002666666666667
1693484,2500.0,3269,0.489776357827476
1696350,2500.0,3275,0.489845826687932
1699126,2500.0,3275,0.4901804670912951
1701668,2500.0,3276,0.4904080551139375
1704598,2500.0,3279,0.4906878306878307
1707052,2500.0,3282,0.4909138932910724
1709811,2500.0,3285,0.49087552742616036
1712720,2500.0,3287,0.4908899420747762
1715634,2500.0,3287,0.4909043112513144
1718417,2500.0,3287,0.4909186351706037
1721209,2500.0,3287,0.4910901467505241
1723965,2500.0,3287,0.49141810570382
1726818,2500.0,3292,0.4914315569487983
1729584,2500.0,3293,0.49165362545644237
1732292,2500.0,3295,0.4917708333333333
1734810,2500.0,3295,0.49178367134685386
1737732,2500.0,3299,0.49205607476635516
1740502,2500.0,3301,0.49212026956972527
1742768,2500.0,3302,0.49218426501035195
1745567,2500.0,3303,0.4921963824289406
1748378,2500.0,3304,0.4920020639834881
1751144,2500.0,3307,0.4919113858835652
1753776,2500.0,3309,0.49212962962962964
1756355,2500.0,3310,0.4921931176168464
1759122,2500.0,3311,0.49230769230769234
1761908,2500.0,3313,0.4923195084485407
1764634,2500.0,3320,0.4924846625766871
1767468,2500.0,3323,0.4926493108728943
1770168,2500.0,3328,0.4930173292558614
1772841,2500.0,3328,0.4932824427480916
1775459,2500.0,3330,0.49344512195121953
1778094,2500.0,3335,0.49350583460172504
1780797,2500.0,3336,0.4936676798378926
1783470,2500.0,3339,0.4934749620637329
1786280,2500.0,3339,0.49383838383838385
1789012,2500.0,3341,0.49379727685325264
1791712,2500.0,3343,0.49400805639476336
1794425,2500.0,3347,0.4941679235796883
1797158,2500.0,3348,0.49427710843373496
1799760,2500.0,3348,0.4945864661654135
1802617,2500.0,3355,0.49454454454454455
1805280,2500.0,3355,0.49440279860069963
1808036,2500.0,3356,0.49436127744510977
1810698,2500.0,3358,0.49436970602889885
1813398,2500.0,3358,0.4943781094527363
1816071,2500.0,3361,0.4946348733233979
1818651,2500.0,3361,0.4947420634920635
1821347,2500.0,3363,0.49504705299653295
1823806,2500.0,3363,0.4952027695351138
1826446,2500.0,3363,0.4954074074074074
1829227,2500.0,3364,0.4952662721893491
1831942,2500.0,3364,0.49527326440177255
1834701,2500.0,3376,0.49532940019665683
1837439,2500.0,3377,0.4955817378497791
1840102,2500.0,3378,0.4958823529411765
1842954,2500.0,3381,0.49583945178658834
1845668,2500.0,3385,0.4958944281524927
1848353,2500.0,3386,0.4958516349438751
1851091,2500.0,3387,0.49610136452241715
1853912,2500.0,3387,0.4962530413625304
1856461,2500.0,3389,0.4965986394557823
1859278,2500.0,3390,0.496555070354197
1861873,2500.0,3396,0.49670542635658915
1864637,2500.0,3398,0.4968553459119497
1867409,2500.0,3398,0.4969082125603865
1870353,2500.0,3402,0.49691268692715873
1873139,2500.0,3405,0.4970134874759152
1875780,2500.0,3406,0.49725829725829723
1878652,2500.0,3413,0.4974063400576369
1881294,2500.0,3413,0.49760191846522783
1884002,2500.0,3414,0.49774904214559385
1886763,2500.0,3416,0.4978000956480153
1889717,2500.0,3416,0.4978987583572111
1892480,2500.0,3422,0.4979017644253696
1895312,2500.0,3435,0.497952380952381
1898225,2500.0,3439,0.49766999524488825
1900867,2500.0,3445,0.49753086419753084
1903511,2500.0,3447,0.49772403982930297
1906379,2500.0,3449,0.49767992424242424
1909138,2500.0,3453,0.49791962174940896
1911856,2500.0,3453,0.49782813975448537
1914720,2500.0,3455,0.49787835926449786
1917394,2500.0,3458,0.4979755178907721
1920150,2500.0,3458,0.4981664315937941
1922930,2500.0,3460,0.4984976525821596
1925617,2500.0,3462,0.49859353023909986
1928289,2500.0,3463,0.498501872659176
1931000,2500.0,3467,0.49859747545582045
1933809,2500.0,3473,0.4985060690943044
1936494,2500.0,3474,0.4986013986013986
1938975,2500.0,3476,0.49878957169459964
1941734,2500.0,3478,0.498837749883775
1944301,2500.0,3480,0.49888579387186627
1946966,2500.0,3482,0.49911914696337506
1949720,2500.0,3485,0.49944444444444447
1952518,2500.0,3486,0.4994452149791956
1955237,2500.0,3488,0.4994921514312096
1957986,2500.0,3489,0.49940064545873675
1960823,2500.0,3495,0.4995395948434622
1963557,2500.0,3495,0.4998620689655172
1966335,2500.0,3496,0.4997704315886134
1969171,2500.0,3500,0.4998624484181568
1971840,2500.0,3503,0.5
1974657,2500.0,3509,0.5000914494741655
1977345,2500.0,3509,0.5000913242009133
1980180,2500.0,3510,0.5001367989056088
1982815,2500.0,3510,0.5000910746812386
1985443,2500.0,3512,0.5003638017280582
1988231,2500.0,3515,0.5005449591280654
1990841,2500.0,3518,0.5005442176870748
1993606,2500.0,3518,0.5004528985507246
1996453,2500.0,3526,0.5004975124378109
1999443,2500.0,3529,0.5003161698283649
2002271,2500.0,3532,0.5004961659900767
2005237,2500.0,3534,0.5004954954954955
2007819,2500.0,3537,0.500314889788574
2010442,2500.0,3538,0.5002246181491464
2013175,2500.0,3548,0.5000448631673396
2016082,2500.0,3549,0.5002240143369175
2018718,2500.0,3551,0.5
2021324,2500.0,3558,0.5000446827524575
2024004,2500.0,3559,0.5001338688085676
2026926,2500.0,3561,0.5
2029727,2500.0,3562,0.5002670226969292
2032549,2500.0,3565,0.5001333333333333
2035364,2500.0,3565,0.5003550821127386
2038088,2500.0,3567,0.5003989361702128
2040798,2500.0,3567,0.5005754758742806
2043370,2500.0,3567,0.5007957559681697
2046209,2500.0,3568,0.5007064017660044
2048981,2500.0,3570,0.5007495590828924
2051737,2500.0,3572,0.5005284015852047
2054681,2500.0,3574,0.5006596306068601
2057496,2500.0,3574,0.5007465963987703
2060100,2500.0,3575,0.5008333333333334
2062884,2500.0,3575,0.5007884362680683
2065565,2500.0,3578,0.5009623797025372
2068123,2500.0,3579,0.5010048055919616
2070716,2500.0,3579,0.5007853403141361
2073508,2500.0,3580,0.5009150326797386
2076402,2500.0,3580,0.5012184508268059
2079224,2500.0,3582,0.5010864841373316
2082046,2500.0,3582,0.5008246527777778
2084801,2500.0,3582,0.5009102730819246
2087645,2500.0,3585,0.500995670995671
2090504,2500.0,3585,0.5011240812797233
2093298,2500.0,3585,0.5011658031088083
2096245,2500.0,3587,0.5013367830961621
2099174,2500.0,3589,0.5013781223083549
2102096,2500.0,3591,0.5014623655913979
2105032,2500.0,3594,0.5015034364261168
2107835,2500.0,3595,0.5015444015444015
2110461,2500.0,3595,0.5013710368466152
2113268,2500.0,3600,0.5012836970474968
2116166,2500.0,3600,0.5012393162393163
2118839,2500.0,3600,0.5013230900554845
2121614,2500.0,3602,0.5014492753623189
2124380,2500.0,3602,0.5016602809706258
2127185,2500.0,3603,0.5015731292517007
2129785,2500.0,3606,0.501656050955414
2132649,2500.0,3609,0.5017811704834606
2135515,2500.0,3610,0.5017789072426938
2138216,2500.0,3610,0.5016074450084602
2141120,2500.0,3610,0.5016476552598226
2143773,2500.0,3611,0.5015611814345992
2146441,2500.0,3611,0.5017699115044247
2149136,2500.0,3612,0.501557239057239
2151979,2500.0,3612,0.5015132408575032
2154863,2500.0,3612,0.5014693534844669
2157705,2500.0,3612,0.5015094339622641
2160400,2500.0,3613,0.5015494137353433
2163155,2500.0,3613,0.501547469677959
2166030,2500.0,3614,0.5014619883040936
2168990,2500.0,3615,0.5016270337922403
2171710,2500.0,3618,0.50175
2174594,2500.0,3619,0.5020391177694549
2177493,2500.0,3620,0.5020365752285951
2180472,2500.0,3620,0.5021170610211706
2183265,2500.0,3624,0.5022802653399668
2186119,2500.0,3624,0.5020703933747412
2188945,2500.0,3625,0.5020678246484698
2191922,2500.0,3625,0.5019826517967781
2194721,2500.0,3626,0.5021039603960396
2197538,2500.0,3627,0.5019777503090235
2200284,2500.0,3627,0.5022222222222222
2203232,2500.0,3627,0.5023838882038636
2205920,2500.0,3634,0.5024220032840723
2208892,2500.0,3639,0.5025420254202542
2211728,2500.0,3643,0.5025389025389025
2214630,2500.0,3644,0.5027402862985685
2217351,2500.0,3645,0.502859477124183
2220159,2500.0,3648,0.5029783761729906
2223036,2500.0,3648,0.5031784841075795
2225930,2500.0,3648,0.5032153032153032
2228881,2500.0,3650,0.5033739837398374
2231764,2500.0,3652,0.503369874137231
2234527,2500.0,3653,0.5032846715328467
2237433,2500.0,3654,0.503118671526934
2240300,2500.0,3660,0.5032362459546925
2243281,2500.0,3662,0.5031919191919192
2246107,2500.0,3662,0.5031476997578692
2248839,2500.0,3662,0.5030229746070133
2251620,2500.0,3663,0.5030193236714976
2254502,2500.0,3663,0.5029352633695215
2257404,2500.0,3666,0.5030923694779117
2260335,2500.0,3670,0.5031287605294825
2263110,2500.0,3672,0.5032051282051282
2266070,2500.0,3672,0.5031612645058023
2268781,2500.0,3675,0.5033173461231015
2271556,2500.0,3680,0.503313373253493
2274377,2500.0,3682,0.5032296650717704
2277377,2500.0,3684,0.5033452807646356
2280301,2500.0,3685,0.5035003977724741
2283106,2500.0,3687,0.5037346046881208
2285920,2500.0,3689,0.5038095238095238
2288845,2500.0,3689,0.5039239001189061
2291732,2500.0,3692,0.5039588281868567
2294716,2500.0,3692,0.5039541320680111
2297583,2500.0,3694,0.5039889415481833
2300410,2500.0,3694,0.5039447731755424
2303176,2500.0,3695,0.5042159180457053
2306003,2500.0,3695,0.5044470680834318
2308911,2500.0,3696,0.5046776729559749
2311782,2500.0,3701,0.5046329014526895
2314701,2500.0,3702,0.5047843137254902
2317592,2500.0,3702,0.5048570309439875
2320399,2500.0,3703,0.5048513302034429
2323167,2500.0,3704,0.5049628761234858
2325947,2500.0,3704,0.5049960967993755
2328765,2500.0,3705,0.504990253411306
2331712,2500.0,3711,0.5050623052959502
2334524,2500.0,3711,0.5051341890315052
2337250,2500.0,3712,0.5052059052059052
2340132,2500.0,3714,0.5051998447807529
2342958,2500.0,3715,0.5053100775193798
2345714,2500.0,3716,0.505458768873403
2348669,2500.0,3716,0.505645784996133
2351437,2500.0,3719,0.5058323677095403
2354203,2500.0,3723,0.5057870370370371
2357142,2500.0,3724,0.5058574181117533
2360092,2500.0,3724,0.5060046189376444
2362951,2500.0,3725,0.5061514801999231
2365895,2500.0,3725,0.5062980030721966
2368820,2500.0,3726,0.5062907556578443
2371647,2500.0,3728,0.5062452107279694
2374475,2500.0,3731,0.5065059318790662
2377305,2500.0,3736,0.5065749235474006
2380228,2500.0,3740,0.5066055746468118
2383136,2500.0,3740,0.5068268497330283
2385830,2500.0,3742,0.5070857142857143
2388718,2500.0,3742,0.5070395738203958
2391497,2500.0,3743,0.5072595971113645
2394379,2500.0,3743,0.5072892938496583
2397318,2500.0,3746,0.5075464543041335
2400259,2500.0,3747,0.5075
2403034,2500.0,3748,0.5077185017026107
2405965,2500.0,3750,0.5079743008314437
2408855,2500.0,3754,0.5080407701019253
2411715,2500.0,3754,0.5080316742081448
2414615,2500.0,3758,0.508135593220339
2417387,2500.0,3759,0.5082768999247554
2420254,2500.0,3760,0.5082675685832394
2423119,2500.0,3765,0.5082582582582582
2425970,2500.0,3765,0.5083239595050618
2428903,2500.0,3769,0.5083520599250936
2431829,2500.0,3771,0.5084923307145529
2434741,2500.0,3773,0.5085575485799702
2437650,2500.0,3775,0.5086599477416947
2440650,2500.0,3776,0.5087621178225205
2443492,2500.0,3776,0.5089385474860335
2446329,2500.0,3777,0.509077380952381
2449007,2500.0,3777,0.5092530657748049
2451987,2500.0,3778,0.5093912397921306
2454791,2500.0,3778,0.5094549499443827
2457561,2500.0,3778,0.5094444444444445
2460496,2500.0,3783,0.5095449500554939
2463385,2500.0,3785,0.5096452328159645
2466029,2500.0,3785,0.5099298634182355
2468866,2500.0,3788,0.5099188790560472
2471688,2500.0,3791,0.5099815837937385
2474688,2500.0,3791,0.5099337748344371
2477478,2500.0,3792,0.5099963248805586
2480328,2500.0,3794,0.509985315712188
2483163,2500.0,3794,0.5099376604327099
2485947,2500.0,3796,0.5101831501831502
2488679,2500.0,3796,0.510318331503842
2491489,2500.0,3798,0.510453216374269
2494411,2500.0,3800,0.5104052573932092
2497131,2500.0,3804,0.5105032822757112
2500054,2500.0,3805,0.5105646630236794
2503054,2500.0,3805,0.5105167394468705
2505780,2500.0,3807,0.5106870229007634
2508513,2500.0,3808,0.5108206245461148
2511455,2500.0,3809,0.5109902067464636
2514322,2500.0,3811,0.5110144927536232
2517239,2500.0,3812,0.5110749185667752
2520144,2500.0,3812,0.5110267534345625
2523144,2500.0,3812,0.5111231491513182
2526034,2500.0,3815,0.5110750360750361
2529027,2500.0,3816,0.5112792792792793
2531962,2500.0,3818,0.5112670986321094
2534866,2500.0,3822,0.5112189859762676
2537775,2500.0,3822,0.5112068965517241
2540462,2500.0,3823,0.5112665949049157
2543247,2500.0,3823,0.5112186379928315
2546208,2500.0,3823,0.5113139992839241
2549208,2500.0,3824,0.5112660944206009
2551988,2500.0,3824,0.5113612004287246
2554985,2500.0,3824,0.5113490364025696
2557891,2500.0,3824,0.5113725490196078
2560787,2500.0,3826,0.5115740740740741
2563692,2500.0,3831,0.511490572749911
2566590,2500.0,3832,0.5116560056858565
2569523,2500.0,3832,0.5115725949591764
2572523,2500.0,3833,0.5116312056737589
2575372,2500.0,3838,0.5117605384342898
2578198,2500.0,3839,0.5119249823071479
2581091,2500.0,3840,0.5120183810533757
2583949,2500.0,3841,0.5120762711864407
2586834,2500.0,3845,0.5119223985890653
2589752,2500.0,3849,0.5118393234672305
2592690,2500.0,3849,0.5117916226680747
2595685,2500.0,3850,0.5117791842475387
2598657,2500.0,3851,0.5116965226554268
2601524,2500.0,3851,0.5116842105263157
2604371,2500.0,3853,0.5116719242902208
2607210,2500.0,3856,0.5116946778711484
2610206,2500.0,3858,0.5118922700244841
2613038,2500.0,3858,0.5119496855345912
2615887,2500.0,3859,0.5121116928446772
2618789,2500.0,3860,0.5122384937238493
2621652,2500.0,3861,0.5122953674677813
2624631,2500.0,3863,0.5125260960334029
2627462,2500.0,3869,0.5125477928397636
2630344,2500.0,3872,0.5125694444444444
2633146,2500.0,3873,0.5126604231703087
2636087,2500.0,3874,0.5126472626472627
2638993,2500.0,3874,0.5125995154032538
2641906,2500.0,3874,0.5126901798063623
2644795,2500.0,3874,0.5127115716753022
2647760,2500.0,3879,0.5127329192546584
2650698,2500.0,3881,0.51282316442606
2653602,2500.0,3881,0.5129476584022039
2656569,2500.0,3883,0.513140694874441
2659486,2500.0,3883,0.5133676975945017
2662294,2500.0,3883,0.513491246138002
2665158,2500.0,3883,0.5136145404663923
2668099,2500.0,3889,0.513874614594039
2670930,2500.0,3890,0.5139288158795345
2673662,2500.0,3890,0.5141196581196581
2676461,2500.0,3891,0.514207650273224
2679461,2500.0,3896,0.5141589901057659
2682212,2500.0,3898,0.5142467620995228
2685162,2500.0,3898,0.5142322097378277
2688069,2500.0,3902,0.5143877551020408
2690848,2500.0,3902,0.5145090044172613
2693765,2500.0,3902,0.5145960624575696
2696753,2500.0,3902,0.5148185825703628
2699675,2500.0,3902,0.5148712737127371
2702625,2500.0,3902,0.5149238578680203
2705574,2500.0,3902,0.514841108857336
2708525,2500.0,3904,0.5148598446470787
2711436,2500.0,3906,0.5148785425101214
2714345,2500.0,3907,0.5152005392652511
2717311,2500.0,3908,0.5152861952861952
2720163,2500.0,3910,0.5153716784392869
2722920,2500.0,3910,0.5154905913978495
2725752,2500.0,3910,0.5157099697885197
2728693,2500.0,3910,0.5156606304493628
2731543,2500.0,3910,0.5157118927973199
2734347,2500.0,3911,0.5155957161981258
2737287,2500.0,3913,0.5156803744567034
2740114,2500.0,3913,0.5158650634602538
2742951,2500.0,3915,0.5160827494160828
2745839,2500.0,3915,0.5161333333333333
2748551,2500.0,3916,0.5163503163503164
2751409,2500.0,3916,0.5166333998669328
2754239,2500.0,3923,0.5167497507477568
2757100,2500.0,3924,0.5168326693227092
2759919,2500.0,3924,0.5169485903814262
2762897,2500.0,3925,0.5169648774022532
2765791,2500.0,3927,0.5169811320754717
2768613,2500.0,3927,0.5170304232804233
2771533,2500.0,3929,0.5169474727452924
2774413,2500.0,3929,0.516930693069307
2777347,2500.0,3931,0.5168150346191889
2780165,2500.0,3931,0.516798418972332
2783039,2500.0,3931,0.5169792694965449
2785863,2500.0,3931,0.5170282708744247
2788683,2500.0,3932,0.5170114942528735
2791551,2500.0,3932,0.5170603674540682
2794547,2500.0,3934,0.5171419206817437
2797301,2500.0,3935,0.5171578258022266
2800218,2500.0,3935,0.5170428524697416
2802876,2500.0,3938,0.5171568627450981
2805861,2500.0,3939,0.5172053542278812
2808757,2500.0,3942,0.5172211350293542
2811715,2500.0,3943,0.5173998044965787
2814491,2500.0,3943,0.5175455729166667
2817428,2500.0,3943,0.5176585365853659
2820288,2500.0,3943,0.5176738141650422
2823288,2500.0,3943,0.5175592340149302
2826130,2500.0,3944,0.5177042801556421
2828744,2500.0,3945,0.5178490443796566
2831707,2500.0,3948,0.517831715210356
2834621,2500.0,3950,0.5179114128677659
2837432,2500.0,3952,0.5179263565891473
2840098,2500.0,3952,0.5180703452726686
2842871,2500.0,3952,0.5181495809155383
2845806,2500.0,3953,0.5181642512077295
2848753,2500.0,3953,0.5182754182754182
2851559,2500.0,3962,0.5182899389263902
2854438,2500.0,3964,0.518368657675016
2857279,2500.0,3964,0.5184151427654796
2860094,2500.0,3966,0.518525641025641
2862983,2500.0,3967,0.5186999679795069
2865770,2500.0,3968,0.518682021753039
2868602,2500.0,3968,0.5187599872163631
2871430,2500.0,3970,0.5188058748403576
2874280,2500.0,3971,0.5189473684210526
2877147,2500.0,3974,0.5190248565965583
2880058,2500.0,3976,0.5191340337472142
2882844,2500.0,3976,0.5191793893129771
2885817,2500.0,3978,0.519288210994598
2888815,2500.0,3978,0.5194285714285715
2891729,2500.0,3980,0.519441801458928
2894651,2500.0,3981,0.5195183776932827
2897302,2500.0,3982,0.5196581196581197
2900106,2500.0,3986,0.5197027197975964
2902951,2500.0,3987,0.5198420221169037
2905866,2500.0,3989,0.5199179292929293
2908792,2500.0,3991,0.5198044780826238
2911742,2500.0,3993,0.5199117832388154
2914632,2500.0,3996,0.5199559332703808
2917574,2500.0,3997,0.52
2920263,2500.0,3998,0.5199497329563305
2923190,2500.0,3998,0.5200251098556183
2925996,3500.0,4005,0.5202257761053621
2928824,3500.0,4005,0.5203007518796993
2931751,3500.0,4010,0.5203129890453834
2934475,3500.0,4010,0.5203252032520326
2937268,3500.0,4012,0.5203998750390503
2940268,3500.0,4013,0.5204744069912609
2943231,3500.0,4013,0.5205176177112566
2946183,3500.0,4013,0.5206230529595015
2948951,3500.0,4014,0.5206037970743853
2951805,3500.0,4014,0.5208333333333334
2954520,3500.0,4014,0.521000310655483
2957411,3500.0,4015,0.5210738671632527
2960399,3500.0,4016,0.5211162790697674
2963288,3500.0,4016,0.5211586121437423
2966194,3500.0,4016,0.5212318167749923
2969001,3500.0,4016,0.5212739641311069
2971809,3500.0,4017,0.5212542477602718
2974692,3500.0,4017,0.5212962962962963
2977449,3500.0,4020,0.5213074313906876
2980379,3500.0,4021,0.5215341959334565
2983370,3500.0,4024,0.5214219759926131
2986079,3500.0,4026,0.5214944649446495
2988948,3500.0,4026,0.5215975422427035
2991785,3500.0,4026,0.5217004297114795
2994784,3500.0,4026,0.521772462434836
2997676,3500.0,4027,0.5217524509803921
3000512,3500.0,4029,0.5219161310070402
